player_id,elo,count,MLBID,MLBNAME,TEAM,FANGRAPHSNAME,Name,PA,WRC+,is_qualified,elo_adjusted,elo+,elo_adjusted2,elo+2,elo+_wrc
687462,1519.364867,411,687462,Spencer Horwitz,PIT,Spencer Horwitz,Spencer Horwitz,411,119,FALSE,1519.364867,105.7759485,203.9885378,168.5537242,207.5012306
647304,1515.613268,605,647304,Josh Naylor,SEA,Josh Naylor,Josh Naylor,604,128,TRUE,1515.613268,105.5147677,200.2369387,165.4538148,204
592450,1515.394488,679,592450,Aaron Judge,NYY,Aaron Judge,Aaron Judge,679,204,TRUE,1515.394488,105.4995366,200.0181592,165.2730394,203.795821
668800,1512.541326,88,668800,Andrew Knizner,SF,Andrew Knizner,Andrew Knizner,88,73,FALSE,1512.541326,105.3009036,197.164997,162.9154996,201.1330688
672012,1510.577448,13,672012,Tyler Black,MIL,Tyler Black,Tyler Black,13,181,FALSE,1510.577448,105.1641813,195.2011189,161.2927664,199.3002529
695734,1508.350474,351,695734,Daylen Lile,WAS,Daylen Lile,Daylen Lile,351,132,FALSE,1508.350474,105.0091427,192.9741449,159.4526397,197.2218993
608369,1508.253818,445,608369,Corey Seager,TEX,Corey Seager,Corey Seager,445,138,FALSE,1508.253818,105.0024136,192.8774887,159.3727735,197.1316935
666182,1508.073303,630,666182,Bo Bichette,TOR,Bo Bichette,Bo Bichette,628,134,TRUE,1508.073303,104.9898464,192.6969737,159.2236158,196.9632255
669194,1505.132002,1,669194,Ryne Nelson,ARI,Ryne Nelson,Ryne Nelson,1,489,FALSE,1505.132002,104.7850774,189.7556734,156.7932482,194.2182171
700250,1502.504015,531,700250,Ben Rice,NYY,Ben Rice,Ben Rice,530,133,TRUE,1502.504015,104.6021208,187.127686,154.6217682,191.7656124
596019,1501.237192,732,596019,Francisco Lindor,NYM,Francisco Lindor,Francisco Lindor,732,129,TRUE,1501.237192,104.5139265,185.8608633,153.575005,190.5833329
650333,1499.957966,677,650333,Luis Arraez,SD,Luis Arraez,Luis Arraez,675,104,TRUE,1499.957966,104.4248686,184.5816369,152.5179928,189.3894775
542963,1496.763221,7,542963,Rob Brantly,MIA,Rob Brantly,Rob Brantly,7,143,FALSE,1496.763221,104.2024552,181.3868923,149.8782067,186.4079388
663330,1496.484333,150,663330,Jahmai Jones,DET,Jahmai Jones,Jahmai Jones,150,159,FALSE,1496.484333,104.1830394,181.1080042,149.6477642,186.1476627
607208,1496.223377,642,607208,Trea Turner,PHI,Trea Turner,Trea Turner,639,125,TRUE,1496.223377,104.164872,180.8470481,149.4321387,185.9041219
641302,1496.046346,1,641302,Tyler Alexander,TB,Tyler Alexander,Tyler Alexander,1,-100,FALSE,1496.046346,104.1525474,180.6700172,149.2858598,185.7389054
679631,1494.659113,1,679631,Terrin Vavra,BAL,Terrin Vavra,Terrin Vavra,1,-100,FALSE,1494.659113,104.0559703,179.2827843,148.1396029,184.4442515
543807,1493.795033,586,543807,George Springer,TOR,George Springer,George Springer,586,166,TRUE,1493.795033,103.9958143,178.4187045,147.4256223,183.6378374
596117,1491.973214,1,596117,Garrett Stubbs,PHI,Garrett Stubbs,Garrett Stubbs,1,-100,FALSE,1491.973214,103.8689819,176.5968852,145.9202709,181.9375998
680977,1490.828716,517,680977,Brendan Donovan,STL,Brendan Donovan,Brendan Donovan,515,119,TRUE,1490.828716,103.7893037,175.452387,144.9745833,180.8694814
691406,1489.152546,653,691406,Junior Caminero,TB,Junior Caminero,Junior Caminero,653,129,TRUE,1489.152546,103.6726112,173.7762169,143.5895804,179.3051729
605137,1486.668299,536,605137,Josh Bell,MIN,Josh Bell,Josh Bell,533,107,TRUE,1486.668299,103.4996615,171.29197,141.5368716,176.9867158
672695,1486.593998,723,672695,Geraldo Perdomo,ARI,Geraldo Perdomo,Geraldo Perdomo,720,138,TRUE,1486.593998,103.4944888,171.2176692,141.4754775,176.9173736
518692,1486.347819,628,518692,Freddie Freeman,LAD,Freddie Freeman,Freddie Freeman,627,139,TRUE,1486.347819,103.4773502,170.9714902,141.2720623,176.6876237
573262,1486.109985,558,573262,Mike Yastrzemski,ATL,Mike Yastrzemski,Mike Yastrzemski,558,106,TRUE,1486.109985,103.4607926,170.7336565,141.0755426,176.4656622
807799,1485.311963,205,807799,Masataka Yoshida,BOS,Masataka Yoshida,Masataka Yoshida,205,88,FALSE,1485.311963,103.4052354,169.9356343,140.4161447,175.7208971
829272,1485.028658,1,829272,Shinnosuke Ogasawara,WAS,Shinnosuke Ogasawara,Shinnosuke Ogasawara,1,-100,FALSE,1485.028658,103.3855121,169.6523287,140.1820521,175.4564984
683004,1484.527475,1,683004,Jack Leiter,TEX,Jack Leiter,Jack Leiter,1,-100,FALSE,1484.527475,103.3506205,169.151146,139.7679298,174.9887628
680118,1484.050341,8,680118,Dairon Blanco,KC,Dairon Blanco,Dairon Blanco,8,25,FALSE,1484.050341,103.3174031,168.6740117,139.3736784,174.5434708
691594,1483.372008,342,691594,Javier Sanoja,MIA,Javier Sanoja,Javier Sanoja,342,86,FALSE,1483.372008,103.2701786,167.9956787,138.8131785,173.9104074
702358,1483.007358,4,702358,Trey Lipscomb,WAS,Trey Lipscomb,Trey Lipscomb,4,188,FALSE,1483.007358,103.2447922,167.6310291,138.5118721,173.5700931
695257,1482.767777,6,695257,Billy Cook,PIT,Billy Cook,Billy Cook,6,85,FALSE,1482.767777,103.2281129,167.3914481,138.3139087,173.3465009
664761,1482.41484,504,664761,Alec Bohm,PHI,Alec Bohm,Alec Bohm,504,105,TRUE,1482.41484,103.203542,167.0385116,138.0222807,173.0171181
669127,1482.009643,523,669127,Shea Langeliers,ATH,Shea Langeliers,Shea Langeliers,523,132,TRUE,1482.009643,103.1753328,166.6333145,137.6874703,172.6389624
689041,1481.813513,10,689041,Rhylan Thomas,SEA,Rhylan Thomas,Rhylan Thomas,10,25,FALSE,1481.813513,103.1616785,166.4371837,137.5254094,172.4559207
543760,1481.171976,535,543760,Marcus Semien,NYM,Marcus Semien,Marcus Semien,534,89,TRUE,1481.171976,103.1170157,165.7956476,136.9953144,171.8571985
666150,1481.005106,34,666150,Dominic Fletcher,CHW,Dominic Fletcher,Dominic Fletcher,34,98,FALSE,1481.005106,103.1053984,165.6287774,136.8574312,171.7014647
606466,1480.306125,556,606466,Ketel Marte,ARI,Ketel Marte,Ketel Marte,556,145,TRUE,1480.306125,103.0567364,164.9297965,136.2798701,171.0491312
593871,1479.991306,524,593871,Jorge Polanco,NYM,Jorge Polanco,Jorge Polanco,524,132,TRUE,1479.991306,103.0348191,164.6149768,136.0197377,170.7553215
686681,1479.439919,277,686681,Michael Massey,KC,Michael Massey,Michael Massey,277,57,FALSE,1479.439919,102.9964324,164.0635901,135.5641323,170.2407324
665487,1478.048178,692,665487,Fernando Tatis Jr.,SD,Fernando Tatis Jr.,Fernando Tatis Jr.,691,131,TRUE,1478.048178,102.8995414,162.6718493,134.4141505,168.9418714
667452,1477.784228,13,667452,Corey Julks,CHW,Corey Julks,Corey Julks,13,64,FALSE,1477.784228,102.8811656,162.4078991,134.1960511,168.6955363
607067,1476.77532,1,607067,Colin Rea,CHC,Colin Rea,Colin Rea,1,-100,FALSE,1476.77532,102.8109269,161.3989907,133.3624,167.7539589
686823,1475.636979,13,686823,Will Brennan,CLE,Will Brennan,Will Brennan,13,7,FALSE,1475.636979,102.7316773,160.2606505,132.4218007,166.6915874
641343,1475.210371,219,641343,Jake Bauers,MIL,Jake Bauers,Jake Bauers,218,114,FALSE,1475.210371,102.7019774,159.8340421,132.0692984,166.2934494
683734,1474.432015,447,683734,Andrew Vaughn,MIL,Andrew Vaughn,Andrew Vaughn,447,99,FALSE,1474.432015,102.6477894,159.0556859,131.4261503,165.567038
673548,1473.996605,651,673548,Seiya Suzuki,CHC,Seiya Suzuki,Seiya Suzuki,651,123,TRUE,1473.996605,102.6174769,158.6202764,131.0663757,165.1606861
666198,1473.797176,8,666198,Carter Kieboom,LAA,Carter Kieboom,Carter Kieboom,8,35,FALSE,1473.797176,102.6035929,158.4208466,130.9015888,164.9745656
670541,1473.754522,199,670541,Yordan Alvarez,HOU,Yordan Alvarez,Yordan Alvarez,199,118,FALSE,1473.754522,102.6006234,158.3781933,130.8663448,164.9347587
665742,1473.525385,716,665742,Juan Soto,NYM,Juan Soto,Juan Soto,715,156,TRUE,1473.525385,102.5846712,158.1490563,130.6770112,164.7209136
702332,1473.507782,507,702332,Caleb Durbin,MIL,Caleb Durbin,Caleb Durbin,506,105,TRUE,1473.507782,102.5834457,158.1314535,130.6624661,164.7044855
665804,1473.263069,103,665804,Miguel Amaya,CHC,Miguel Amaya,Miguel Amaya,103,124,FALSE,1473.263069,102.5664091,157.8867401,130.4602618,164.4761034
676475,1473.026148,546,676475,Alec Burleson,STL,Alec Burleson,Alec Burleson,546,124,TRUE,1473.026148,102.549915,157.6498188,130.2644961,164.2549934
686527,1472.036601,269,686527,Dominic Canzone,SEA,Dominic Canzone,Dominic Canzone,268,141,FALSE,1472.036601,102.4810242,156.6602719,129.4468433,163.3314854
672642,1471.451829,6,672642,Steward Berroa,MIL,Steward Berroa,Steward Berroa,6,-35,FALSE,1471.451829,102.4403133,156.0755,128.963652,162.7857391
676391,1471.364396,588,676391,Ernie Clement,TOR,Ernie Clement,Ernie Clement,588,98,TRUE,1471.364396,102.4342263,155.9880674,128.8914072,162.7041414
682998,1471.331382,645,682998,Corbin Carroll,ARI,Corbin Carroll,Corbin Carroll,642,139,TRUE,1471.331382,102.431928,155.9550534,128.8641281,162.6733307
572138,1470.620833,9,572138,Jonathan Singleton,HOU,Jon Singleton,Jon Singleton,9,-47,FALSE,1470.620833,102.3824605,155.2445039,128.277008,162.0102007
701538,1470.391814,485,701538,Jackson Merrill,SD,Jackson Merrill,Jackson Merrill,483,116,FALSE,1470.391814,102.3665166,155.0154854,128.0877723,161.7964661
670276,1470.265451,8,670276,Cal Stevenson,PHI,Cal Stevenson,Cal Stevenson,8,35,FALSE,1470.265451,102.3577194,154.8891221,127.9833596,161.6785358
686948,1470.208902,446,686948,Drake Baldwin,ATL,Drake Baldwin,Drake Baldwin,446,125,FALSE,1470.208902,102.3537825,154.8325727,127.9366333,161.6257603
808982,1469.837905,617,808982,Jung Hoo Lee,SF,Jung Hoo Lee,Jung Hoo Lee,617,107,TRUE,1469.837905,102.3279543,154.4615761,127.6300825,161.2795227
575929,1469.788983,563,575929,Willson Contreras,BOS,Willson Contreras,Willson Contreras,563,124,TRUE,1469.788983,102.3245484,154.4126538,127.5896584,161.2338653
621043,1469.747881,587,621043,Carlos Correa,HOU,Carlos Correa,Carlos Correa,584,106,TRUE,1469.747881,102.3216869,154.3715521,127.5556966,161.1955066
676572,1469.611919,514,676572,Eric Wagaman,MIA,Eric Wagaman,Eric Wagaman,514,85,TRUE,1469.611919,102.3122214,154.2355899,127.4433524,161.0686181
671739,1469.194237,642,671739,Michael Harris II,ATL,Michael Harris II,Michael Harris II,641,83,TRUE,1469.194237,102.283143,153.8179077,127.0982256,160.6788104
624641,1469.165483,261,624641,Edmundo Sosa,PHI,Edmundo Sosa,Edmundo Sosa,261,111,FALSE,1469.165483,102.2811413,153.7891545,127.0744671,160.6519762
695600,1469.082822,69,695600,Carter Jensen,KC,Carter Jensen,Carter Jensen,69,159,FALSE,1469.082822,102.2753865,153.7064928,127.0061646,160.574831
679822,1468.623048,9,679822,Justin Foscue,TEX,Justin Foscue,Justin Foscue,9,-18,FALSE,1468.623048,102.2433777,153.2467191,126.6262581,160.145741
645277,1468.602807,668,645277,Ozzie Albies,ATL,Ozzie Albies,Ozzie Albies,667,87,TRUE,1468.602807,102.2419685,153.2264781,126.6095331,160.1268507
660271,1468.356013,727,660271,Shohei Ohtani,LAD,Shohei Ohtani,Shohei Ohtani,727,172,TRUE,1468.356013,102.2247871,152.979684,126.4056096,159.8965268
660271,1468.356013,727,660271,Shohei Ohtani,LAD,Shohei Ohtani,Shohei Ohtani,727,172,TRUE,1468.356013,102.2247871,152.979684,126.4056096,159.8965268
669432,1468.115498,2,669432,Trevor Rogers,BAL,Trevor Rogers,Trevor Rogers,2,-100,FALSE,1468.115498,102.2080428,152.7391693,126.2068747,159.6720633
680777,1468.091733,466,680777,Ryan Jeffers,MIN,Ryan Jeffers,Ryan Jeffers,464,113,FALSE,1468.091733,102.2063884,152.7154045,126.1872381,159.6498844
670770,1467.871797,687,670770,TJ Friedl,CIN,TJ Friedl,TJ Friedl,685,109,TRUE,1467.871797,102.1910767,152.4954678,126.0055066,159.4446255
683002,1466.666317,651,683002,Gunnar Henderson,BAL,Gunnar Henderson,Gunnar Henderson,651,120,TRUE,1466.666317,102.107153,151.2899884,125.0094308,158.3195956
694671,1466.618929,574,694671,Wyatt Langford,TEX,Wyatt Langford,Wyatt Langford,573,118,TRUE,1466.618929,102.1038539,151.2426,124.9702742,158.2753697
686452,1465.668767,56,686452,Drew Millas,WAS,Drew Millas,Drew Millas,55,125,FALSE,1465.668767,102.037705,150.2924383,124.1851649,157.3886184
670156,1465.616298,175,670156,Miles Mastrobuoni,SEA,Miles Mastrobuoni,Miles Mastrobuoni,175,85,FALSE,1465.616298,102.0340522,150.2399691,124.1418101,157.3396508
672515,1465.187248,309,672515,Gabriel Moreno,ARI,Gabriel Moreno,Gabriel Moreno,309,117,FALSE,1465.187248,102.0041824,149.8109191,123.7872903,156.9392341
609280,1465.091953,341,609280,Miguel Andujar,CIN,Miguel Andujar,Miguel Andujar,341,125,FALSE,1465.091953,101.997548,149.7156239,123.7085488,156.8502985
643376,1464.473728,340,643376,Danny Jansen,TEX,Danny Jansen,Danny Jansen,337,103,FALSE,1464.473728,101.9545082,149.0973994,123.197716,156.2733322
669065,1464.433583,457,669065,Kyle Stowers,MIA,Kyle Stowers,Kyle Stowers,457,149,FALSE,1464.433583,101.9517133,149.0572537,123.164544,156.2358656
689414,1464.23615,392,689414,Liam Hicks,MIA,Liam Hicks,Liam Hicks,390,98,FALSE,1464.23615,101.9379683,148.8598207,123.0014071,156.0516086
545121,1464.136638,121,545121,Ildemaro Vargas,ARI,Ildemaro Vargas,Ildemaro Vargas,121,85,FALSE,1464.136638,101.9310405,148.7603094,122.9191819,155.9587383
802415,1463.898251,441,802415,Chandler Simpson,TB,Chandler Simpson,Chandler Simpson,441,88,FALSE,1463.898251,101.9144443,148.5219226,122.7222052,155.7362606
696030,1463.623857,177,696030,Alejandro Osuna,TEX,Alejandro Osuna,Alejandro Osuna,176,72,FALSE,1463.623857,101.8953413,148.2475278,122.4954754,155.4801779
682515,1463.49505,9,682515,Logan Porter,SF,Logan Porter,Logan Porter,9,63,FALSE,1463.49505,101.886374,148.118721,122.3890437,155.3599673
663538,1463.199345,651,663538,Nico Hoerner,CHC,Nico Hoerner,Nico Hoerner,649,109,TRUE,1463.199345,101.8657874,147.8230157,122.1447053,155.0839963
664954,1462.881379,9,664954,Brett Sullivan,PIT,Brett Sullivan,Brett Sullivan,9,58,FALSE,1462.881379,101.8436511,147.5050496,121.881973,154.7872502
682641,1462.821729,184,682641,Luis Matos,SF,Luis Matos,Luis Matos,184,91,FALSE,1462.821729,101.8394984,147.4454004,121.8326855,154.7315817
691723,1462.484454,294,691723,Coby Mayo,BAL,Coby Mayo,Coby Mayo,294,95,FALSE,1462.484454,101.8160178,147.108125,121.5539981,154.4168149
663728,1462.207412,706,663728,Cal Raleigh,SEA,Cal Raleigh,Cal Raleigh,705,161,TRUE,1462.207412,101.7967305,146.8310828,121.3250808,154.1582614
669369,1462.177233,84,669369,Bryce Johnson,SD,Bryce Johnson,Bryce Johnson,84,135,FALSE,1462.177233,101.7946295,146.8009038,121.3001442,154.1300965
680700,1462.122109,48,680700,Richie Palacios,TB,Richie Palacios,Richie Palacios,48,138,FALSE,1462.122109,101.7907919,146.7457798,121.2545958,154.0786513
810938,1461.584482,295,810938,Ben Williamson,SEA,Ben Williamson,Ben Williamson,295,76,FALSE,1461.584482,101.7533631,146.2081531,120.8103601,153.5769039
656811,1460.716265,547,656811,Ryan O'Hearn,PIT,Ryan O'Hearn,Ryan O'Hearn,544,127,TRUE,1460.716265,101.6929191,145.339936,120.0929609,152.7666285
682626,1460.446978,277,682626,Francisco Alvarez,NYM,Francisco Alvarez,Francisco Alvarez,277,124,FALSE,1460.446978,101.6741717,145.0706493,119.870452,152.5153131
668930,1460.21716,659,668930,Brice Turang,MIL,Brice Turang,Brice Turang,659,124,TRUE,1460.21716,101.6581722,144.8408314,119.6805557,152.3008324
643217,1460.021347,472,643217,Andrew Benintendi,CHW,Andrew Benintendi,Andrew Benintendi,470,103,FALSE,1460.021347,101.6445399,144.6450182,119.5187572,152.1180871
669392,1459.979406,9,669392,Samad Taylor,SEA,Samad Taylor,Samad Taylor,9,-33,FALSE,1459.979406,101.6416201,144.6030775,119.484102,152.0789454
605141,1459.795548,664,605141,Mookie Betts,LAD,Mookie Betts,Mookie Betts,663,104,TRUE,1459.795548,101.6288201,144.4192188,119.3321814,151.9073568
695657,1459.662025,284,695657,Colson Montgomery,CHW,Colson Montgomery,Colson Montgomery,284,129,FALSE,1459.662025,101.6195245,144.2856965,119.2218532,151.7827453
668804,1459.380047,654,668804,Bryan Reynolds,PIT,Bryan Reynolds,Bryan Reynolds,654,99,TRUE,1459.380047,101.5998935,144.0037177,118.9888569,151.5195847
514888,1459.348932,654,514888,Jose Altuve,HOU,Jose Altuve,Jose Altuve,654,113,TRUE,1459.348932,101.5977274,143.9726034,118.9631474,151.4905469
669364,1459.192302,620,669364,Xavier Edwards,MIA,Xavier Edwards,Xavier Edwards,619,95,TRUE,1459.192302,101.5868231,143.8159736,118.8337258,151.34437
605113,1458.754996,10,605113,Nick Ahmed,TEX,Nick Ahmed,Nick Ahmed,10,-66,FALSE,1458.754996,101.5563785,143.3786675,118.472384,150.9362481
665877,1458.665498,70,665877,Jose Fermin,STL,José Fermín,José Fermín,70,129,FALSE,1458.665498,101.5501477,143.2891691,118.3984324,150.8527225
686555,1458.447655,442,686555,Isaac Collins,KC,Isaac Collins,Isaac Collins,441,122,FALSE,1458.447655,101.5349818,143.0713265,118.2184312,150.649418
666310,1458.407732,414,666310,Bo Naylor,CLE,Bo Naylor,Bo Naylor,414,85,FALSE,1458.407732,101.5322024,143.0314032,118.185443,150.612159
694497,1458.324224,220,694497,Evan Carter,TEX,Evan Carter,Evan Carter,220,107,FALSE,1458.324224,101.5263887,142.9478956,118.1164414,150.5342244
641487,1458.306732,656,641487,J.P. Crawford,SEA,J.P. Crawford,J.P. Crawford,654,113,TRUE,1458.306732,101.525171,142.9304036,118.101988,150.5178998
578428,1457.572128,343,578428,Jose Iglesias,,Jose Iglesias,Jose Iglesias,343,73,FALSE,1457.572128,101.4740289,142.1957989,117.4949913,149.83232
686676,1457.527983,41,686676,Korey Lee,CHW,Korey Lee,Korey Lee,40,113,FALSE,1457.527983,101.4709556,142.1516538,117.4585147,149.791121
673237,1457.05748,570,673237,Yainer Diaz,HOU,Yainer Diaz,Yainer Diaz,567,92,TRUE,1457.05748,101.4381999,141.6811515,117.0697432,149.3520183
641355,1456.941858,658,641355,Cody Bellinger,NYY,Cody Bellinger,Cody Bellinger,656,125,TRUE,1456.941858,101.4301505,141.5655296,116.974206,149.2441126
805779,1456.408682,524,805779,Jacob Wilson,ATH,Jacob Wilson,Jacob Wilson,523,121,TRUE,1456.408682,101.3930315,141.0323533,116.5336476,148.7465186
643565,1455.951169,385,643565,Mike Tauchman,CHW,Mike Tauchman,Mike Tauchman,385,115,FALSE,1455.951169,101.3611801,140.5748397,116.1556087,148.3195379
695670,1455.833992,8,695670,Harry Ford,WAS,Harry Ford,Harry Ford,8,29,FALSE,1455.833992,101.3530224,140.4576635,116.0587871,148.2101816
646240,1455.815467,732,646240,Rafael Devers,SF,Rafael Devers,Rafael Devers,729,135,TRUE,1455.815467,101.3517327,140.4391378,116.0434795,148.1928922
691011,1455.621086,3,691011,Drew Romo,COL,Drew Romo,Drew Romo,3,-100,FALSE,1455.621086,101.3382002,140.2447575,115.882865,148.0114842
663743,1455.339969,244,663743,Nick Fortes,TB,Nick Fortes,Nick Fortes,242,80,FALSE,1455.339969,101.3186293,139.96364,115.6505803,147.7491274
672640,1454.593402,594,672640,Otto Lopez,MIA,Otto Lopez,Otto Lopez,594,86,TRUE,1454.593402,101.2666544,139.2170733,115.0336996,147.052384
680757,1454.509289,698,680757,Steven Kwan,CLE,Steven Kwan,Steven Kwan,693,99,TRUE,1454.509289,101.2607986,139.1329602,114.9641978,146.9738843
672386,1454.496365,506,672386,Alejandro Kirk,TOR,Alejandro Kirk,Alejandro Kirk,506,116,TRUE,1454.496365,101.2598988,139.1200365,114.9535191,146.9618231
571466,1454.211138,15,571466,Tucker Barnhart,TEX,Tucker Barnhart,Tucker Barnhart,15,72,FALSE,1454.211138,101.2400417,138.8348094,114.7178387,146.695631
679845,1454.14698,188,679845,Nick Loftin,KC,Nick Loftin,Nick Loftin,188,73,FALSE,1454.14698,101.2355751,138.7706509,114.6648252,146.6357542
678246,1453.981528,570,678246,Miguel Vargas,CHW,Miguel Vargas,Miguel Vargas,569,101,TRUE,1453.981528,101.2240566,138.6051989,114.5281138,146.4813439
688363,1453.888396,185,688363,Graham Pauley,MIA,Graham Pauley,Graham Pauley,184,90,FALSE,1453.888396,101.2175729,138.5120667,114.4511596,146.394427
666158,1453.846391,505,666158,Gavin Lux,CIN,Gavin Lux,Gavin Lux,503,102,TRUE,1453.846391,101.2146485,138.4700617,114.4164513,146.3552253
500743,1453.564701,317,500743,Miguel Rojas,LAD,Miguel Rojas,Miguel Rojas,317,100,FALSE,1453.564701,101.1950377,138.1883722,114.183694,146.0923347
669256,1453.525299,11,669256,Nick Solak,PIT,Nick Solak,Nick Solak,11,-61,FALSE,1453.525299,101.1922946,138.14897,114.1511364,146.0555621
691373,1453.488382,9,691373,Jhostynxon Garcia,PIT,Jhostynxon Garcia,Jhostynxon Garcia,9,82,FALSE,1453.488382,101.1897245,138.1120529,114.1206321,146.0211087
672580,1453.125029,669,672580,Maikel Garcia,KC,Maikel Garcia,Maikel Garcia,666,121,TRUE,1453.125029,101.1644284,137.7487005,113.8203976,145.6820051
620443,1452.921012,283,620443,Luis Torrens,NYM,Luis Torrens,Luis Torrens,283,79,FALSE,1452.921012,101.150225,137.544683,113.65182,145.4916031
624413,1452.899321,709,624413,Pete Alonso,BAL,Pete Alonso,Pete Alonso,709,141,TRUE,1452.899321,101.1487149,137.5229922,113.6338971,145.4713598
664059,1452.573246,183,664059,Sam Haggerty,TEX,Sam Haggerty,Sam Haggerty,182,98,FALSE,1452.573246,101.1260141,137.1969176,113.3644649,145.1670463
678882,1452.521441,589,678882,Ceddanne Rafaela,BOS,Ceddanne Rafaela,Ceddanne Rafaela,587,91,TRUE,1452.521441,101.1224075,137.1451117,113.3216582,145.1186978
605170,1452.320168,386,605170,Victor Caratini,HOU,Victor Caratini,Victor Caratini,386,104,FALSE,1452.320168,101.1083952,136.9438393,113.1553487,144.9308575
672359,1452.201555,16,672359,Tirso Ornelas,SD,Tirso Ornelas,Tirso Ornelas,16,-14,FALSE,1452.201555,101.1001375,136.8252257,113.0573395,144.8201598
595978,1452.107501,180,595978,Austin Hedges,CLE,Austin Hedges,Austin Hedges,180,51,FALSE,1452.107501,101.0935896,136.7311722,112.979624,144.7323831
681393,1451.659004,337,681393,Connor Norby,MIA,Connor Norby,Connor Norby,337,90,FALSE,1451.659004,101.0623659,136.2826749,112.6090351,144.3138169
694377,1451.519536,72,694377,Nick Yorke,PIT,Nick Yorke,Nick Yorke,72,59,FALSE,1451.519536,101.0526564,136.1432074,112.4937945,144.183657
592696,1451.460064,8,592696,Eddie Rosario,,Eddie Rosario,Eddie Rosario,8,-31,FALSE,1451.460064,101.048516,136.0837349,112.4446529,144.1281535
663968,1451.348644,429,663968,Jake Mangum,PIT,Jake Mangum,Jake Mangum,428,95,FALSE,1451.348644,101.0407591,135.9723154,112.3525881,144.0241697
681987,1451.112008,90,681987,Nate Eaton,BOS,Nate Eaton,Nate Eaton,90,102,FALSE,1451.112008,101.0242849,135.7356795,112.1570582,143.8033261
666126,1451.037795,99,666126,Carlos Cortes,ATH,Carlos Cortes,Carlos Cortes,99,132,FALSE,1451.037795,101.0191182,135.6614662,112.0957364,143.7340655
666126,1451.037795,99,666126,Carlos Cortes,ATH,Carlos Cortes,Carlos Cortes,99,132,FALSE,1451.037795,101.0191182,135.6614662,112.0957364,143.7340655
686469,1450.897534,684,686469,Vinnie Pasquantino,KC,Vinnie Pasquantino,Vinnie Pasquantino,682,116,TRUE,1450.897534,101.0093534,135.5212048,111.9798398,143.6031646
644433,1450.849053,22,644433,Chadwick Tromp,ATL,Chadwick Tromp,Chadwick Tromp,22,38,FALSE,1450.849053,101.0059783,135.4727238,111.9397804,143.557919
683021,1450.433506,25,683021,Michael Stefanic,TOR,Michael Stefanic,Michael Stefanic,25,40,FALSE,1450.433506,100.9770485,135.0571774,111.5964185,143.1701048
547180,1450.192782,580,547180,Bryce Harper,PHI,Bryce Harper,Bryce Harper,580,131,TRUE,1450.192782,100.9602897,134.8164534,111.3975107,142.9454458
686217,1450.031216,594,686217,Sal Frelick,MIL,Sal Frelick,Sal Frelick,594,114,TRUE,1450.031216,100.9490417,134.6548874,111.2640102,142.7946621
681082,1449.913617,563,681082,Bryson Stott,PHI,Bryson Stott,Bryson Stott,560,100,TRUE,1449.913617,100.9408547,134.5372886,111.1668395,142.6849115
666971,1449.802153,547,666971,Lourdes Gurriel,ARI,Lourdes Gurriel Jr.,Lourdes Gurriel Jr.,546,95,TRUE,1449.802153,100.9330947,134.4258244,111.0747378,142.580886
572233,1448.862913,640,572233,Christian Walker,HOU,Christian Walker,Christian Walker,640,99,TRUE,1448.862913,100.8677061,133.4865838,110.2986525,141.704327
671218,1448.561211,695,671218,Heliot Ramos,SF,Heliot Ramos,Heliot Ramos,695,106,TRUE,1448.561211,100.8467021,133.1848824,110.0493596,141.4227601
621020,1448.533845,645,621020,Dansby Swanson,CHC,Dansby Swanson,Dansby Swanson,645,99,TRUE,1448.533845,100.8447969,133.1575159,110.0267469,141.39722
666163,1448.498957,129,666163,Ben Rortvedt,LAD,Ben Rortvedt,Ben Rortvedt,128,31,FALSE,1448.498957,100.8423681,133.122628,109.9979194,141.3646603
694384,1448.38331,566,694384,Nolan Schanuel,LAA,Nolan Schanuel,Nolan Schanuel,564,109,TRUE,1448.38331,100.8343169,133.0069807,109.9023611,141.2567309
677587,1448.156435,385,677587,Brayan Rocchio,CLE,Brayan Rocchio,Brayan Rocchio,383,77,FALSE,1448.156435,100.8185222,132.7801066,109.7148973,141.0449976
592626,1448.00709,306,592626,Joc Pederson,TEX,Joc Pederson,Joc Pederson,306,76,FALSE,1448.00709,100.808125,132.6307615,109.591495,140.9056193
607043,1447.640205,652,607043,Brandon Nimmo,TEX,Brandon Nimmo,Brandon Nimmo,652,114,TRUE,1447.640205,100.782583,132.2638759,109.288341,140.5632183
683766,1447.50497,191,683766,Christian Koss,SF,Christian Koss,Christian Koss,191,91,FALSE,1447.50497,100.7731681,132.1286409,109.1765976,140.4370084
642086,1447.265491,225,642086,Dominic Smith,SF,Dominic Smith,Dominic Smith,225,111,FALSE,1447.265491,100.756496,131.8891618,108.9787183,140.2135113
807712,1447.032079,207,807712,Luke Keaschall,MIN,Luke Keaschall,Luke Keaschall,207,134,FALSE,1447.032079,100.7402462,131.6557506,108.785853,139.9956772
605204,1446.87404,9,605204,J.D. Davis,LAA,J.D. Davis,J.D. Davis,9,-49,FALSE,1446.87404,100.7292437,131.4977112,108.6552666,139.8481847
571448,1446.706699,437,571448,Nolan Arenado,ARI,Nolan Arenado,Nolan Arenado,436,84,FALSE,1446.706699,100.7175937,131.3303704,108.5169946,139.6920117
624512,1446.219684,140,624512,Reese McGuire,CHC,Reese McGuire,Reese McGuire,140,86,FALSE,1446.219684,100.6836884,130.8433549,108.1145784,139.2374978
669242,1446.183371,377,669242,Tommy Edman,LAD,Tommy Edman,Tommy Edman,377,81,FALSE,1446.183371,100.6811604,130.807042,108.0845734,139.2036084
668715,1446.028485,568,668715,Spencer Steer,CIN,Spencer Steer,Spencer Steer,568,97,TRUE,1446.028485,100.6703774,130.652156,107.9565926,139.0590589
663609,1445.976862,41,663609,Luken Baker,STL,Luken Baker,Luken Baker,41,105,FALSE,1445.976862,100.6667835,130.6005334,107.9139374,139.0108814
686475,1445.898093,57,686475,Tyler Tolbert,KC,Tyler Tolbert,Tyler Tolbert,57,92,FALSE,1445.898093,100.6612997,130.5217638,107.8488509,138.9373686
666185,1445.871136,242,666185,Dylan Carlson,BAL,Dylan Carlson,Dylan Carlson,241,74,FALSE,1445.871136,100.659423,130.4948072,107.8265769,138.912211
676059,1445.846552,352,676059,Jordan Westburg,BAL,Jordan Westburg,Jordan Westburg,352,115,FALSE,1445.846552,100.6577115,130.4702232,107.8062633,138.8892676
608324,1445.84583,496,608324,Alex Bregman,CHC,Alex Bregman,Alex Bregman,495,125,FALSE,1445.84583,100.6576613,130.4695014,107.8056669,138.888594
663853,1445.754103,341,663853,Romy Gonzalez,BOS,Romy Gonzalez,Romy Gonzalez,341,123,FALSE,1445.754103,100.6512754,130.377774,107.7298735,138.8029882
665923,1445.0989,23,665923,Esteury Ruiz,MIA,Esteury Ruiz,Esteury Ruiz,23,67,FALSE,1445.0989,100.6056611,129.7225712,107.1884858,138.1915113
664770,1445.079775,440,664770,Nathan Lukes,TOR,Nathan Lukes,Nathan Lukes,438,103,FALSE,1445.079775,100.6043297,129.7034464,107.1726832,138.1736628
670623,1445.063522,439,670623,Isaac Paredes,HOU,Isaac Paredes,Isaac Paredes,438,128,FALSE,1445.063522,100.6031981,129.6871933,107.1592534,138.1584943
671655,1445.033085,48,671655,George Valera,CLE,George Valera,George Valera,48,113,FALSE,1445.033085,100.6010792,129.6567564,107.1341037,138.1300887
664702,1444.912104,299,664702,Myles Straw,TOR,Myles Straw,Myles Straw,299,91,FALSE,1444.912104,100.5926567,129.5357754,107.0341383,138.0171815
687401,1444.848197,508,687401,Joey Ortiz,MIL,Joey Ortiz,Joey Ortiz,506,67,TRUE,1444.848197,100.5882075,129.4718682,106.9813324,137.9575393
592669,1444.754777,108,592669,Hunter Renfroe,KC,Hunter Renfroe,Hunter Renfroe,108,32,FALSE,1444.754777,100.5817038,129.378448,106.9041403,137.8703537
691016,1444.677229,624,691016,Tyler Soderstrom,ATH,Tyler Soderstrom,Tyler Soderstrom,624,125,TRUE,1444.677229,100.576305,129.3008999,106.840063,137.7979808
642708,1444.416933,191,642708,Amed Rosario,NYY,Amed Rosario,Amed Rosario,191,106,FALSE,1444.416933,100.5581835,129.040604,106.6249831,137.5550561
642133,1444.131553,313,642133,Rowdy Tellez,TEX,Rowdy Tellez,Rowdy Tellez,312,101,FALSE,1444.131553,100.5383158,128.7552245,106.3891767,137.2887218
693307,1444.086128,470,693307,Dillon Dingler,DET,Dillon Dingler,Dillon Dingler,469,109,FALSE,1444.086128,100.5351534,128.7097996,106.3516426,137.2463284
687859,1444.048374,121,687859,Troy Johnston,COL,Troy Johnston,Troy Johnston,121,109,FALSE,1444.048374,100.532525,128.672045,106.3204464,137.2110935
642715,1444.032811,687,642715,Willy Adames,SF,Willy Adames,Willy Adames,686,108,TRUE,1444.032811,100.5314416,128.6564824,106.3075872,137.1965695
664728,1443.773734,409,664728,Kyle Isbel,KC,Kyle Isbel,Kyle Isbel,409,79,FALSE,1443.773734,100.513405,128.3974053,106.0935143,136.9547822
605244,1443.213204,4,605244,Aramis Garcia,ARI,Aramis Garcia,Aramis Garcia,4,-100,FALSE,1443.213204,100.4743817,127.8368753,105.6303539,136.43166
621493,1443.172735,664,621493,Taylor Ward,BAL,Taylor Ward,Taylor Ward,663,117,TRUE,1443.172735,100.4715643,127.7964065,105.5969149,136.393892
641680,1442.748484,435,641680,Jonah Heim,TEX,Jonah Heim,Jonah Heim,433,69,FALSE,1442.748484,100.4420286,127.3721547,105.2463598,135.9979532
701398,1442.723539,58,701398,Sal Stewart,CIN,Sal Stewart,Sal Stewart,58,124,FALSE,1442.723539,100.4402919,127.3472097,105.225748,135.974673
519317,1442.688957,281,519317,Giancarlo Stanton,NYY,Giancarlo Stanton,Giancarlo Stanton,281,158,FALSE,1442.688957,100.4378844,127.312628,105.1971735,135.9423991
668885,1442.247158,181,668885,Austin Martin,MIN,Austin Martin,Austin Martin,181,113,FALSE,1442.247158,100.407127,126.8708293,104.8321195,135.5300845
663656,1442.05756,597,663656,Kyle Tucker,CHC,Kyle Tucker,Kyle Tucker,597,136,TRUE,1442.05756,100.3939275,126.6812309,104.6754563,135.3531393
681460,1441.837153,328,681460,Brooks Baldwin,CHW,Brooks Baldwin,Brooks Baldwin,328,92,FALSE,1441.837153,100.378583,126.4608237,104.4933359,135.1474412
669234,1441.796404,127,669234,Justyn-Henry Malloy,DET,Justyn-Henry Malloy,Justyn-Henry Malloy,127,92,FALSE,1441.796404,100.3757462,126.4200751,104.4596658,135.109412
666160,1441.650145,461,666160,Mickey Moniak,COL,Mickey Moniak,Mickey Moniak,461,110,FALSE,1441.650145,100.3655638,126.2738161,104.3388134,134.9729138
664983,1441.408625,223,664983,Jake McCarthy,ARI,Jake McCarthy,Jake McCarthy,222,60,FALSE,1441.408625,100.3487496,126.0322962,104.1392479,134.7475121
502054,1441.351073,450,502054,Tommy Pham,PIT,Tommy Pham,Tommy Pham,449,94,FALSE,1441.351073,100.3447429,125.9747437,104.0916928,134.6938005
545361,1441.336512,558,545361,Mike Trout,LAA,Mike Trout,Mike Trout,556,120,TRUE,1441.336512,100.3437292,125.9601836,104.0796619,134.680212
621438,1441.294545,341,621438,Tyrone Taylor,NYM,Tyrone Taylor,Tyrone Taylor,341,70,FALSE,1441.294545,100.3408075,125.9182157,104.0449843,134.641045
661388,1441.241837,660,661388,William Contreras,MIL,William Contreras,William Contreras,659,113,TRUE,1441.241837,100.3371381,125.8655084,104.0014327,134.5918551
663698,1441.00497,334,663698,Joey Bart,PIT,Joey Bart,Joey Bart,332,101,FALSE,1441.00497,100.3206477,125.6286416,103.805712,134.370796
682868,1440.917899,12,682868,Bryan Ramos,CHW,Bryan Ramos,Bryan Ramos,12,28,FALSE,1440.917899,100.314586,125.5415706,103.7337661,134.2895358
668942,1440.765773,211,668942,Josh Rojas,CHW,Josh Rojas,Josh Rojas,211,44,FALSE,1440.765773,100.3039952,125.3894445,103.6080658,134.1475621
669477,1440.763708,348,669477,Casey Schmitt,SF,Casey Schmitt,Casey Schmitt,348,98,FALSE,1440.763708,100.3038514,125.3873792,103.6063593,134.1456346
608385,1440.761397,81,608385,Jesse Winker,NYM,Jesse Winker,Jesse Winker,81,95,FALSE,1440.761397,100.3036905,125.3850686,103.6044501,134.1434782
682829,1440.658298,701,682829,Elly De La Cruz,CIN,Elly De La Cruz,Elly De La Cruz,699,109,TRUE,1440.658298,100.2965129,125.2819695,103.5192603,134.0472595
681584,1440.607652,25,681584,David Villar,SF,David Villar,David Villar,25,90,FALSE,1440.607652,100.292987,125.231323,103.4774116,133.999993
571970,1440.399368,388,571970,Max Muncy,LAD,Max Muncy,Max Muncy,220,72,FALSE,1440.399368,100.2784866,125.0230394,103.3053089,133.8056095
571970,1440.399368,388,571970,Max Muncy,LAD,Max Muncy,Max Muncy,388,137,FALSE,1440.399368,100.2784866,125.0230394,103.3053089,133.8056095
543309,1440.322366,328,543309,Kyle Higashioka,TEX,Kyle Higashioka,Kyle Higashioka,327,93,FALSE,1440.322366,100.2731258,124.9460371,103.2416826,133.7337461
666018,1440.193249,422,666018,Jonathan Aranda,TB,Jonathan Aranda,Jonathan Aranda,422,146,FALSE,1440.193249,100.2641369,124.8169198,103.1349943,133.6132457
680737,1440.133229,110,680737,Michael Helman,TEX,Michael Helman,Michael Helman,110,106,FALSE,1440.133229,100.2599584,124.7569001,103.0854006,133.5572315
664023,1439.656337,663,664023,Ian Happ,CHC,Ian Happ,Ian Happ,663,116,TRUE,1439.656337,100.2267579,124.2800085,102.6913498,133.1121659
621566,1439.461794,724,621566,Matt Olson,ATL,Matt Olson,Matt Olson,724,136,TRUE,1439.461794,100.2132141,124.085465,102.5306004,132.9306055
694192,1439.168482,590,694192,Jackson Chourio,MIL,Jackson Chourio,Jackson Chourio,589,111,TRUE,1439.168482,100.1927941,123.7921527,102.2882393,132.6568679
691718,1438.986204,648,691718,Pete Crow-Armstrong,CHC,Pete Crow-Armstrong,Pete Crow-Armstrong,647,109,TRUE,1438.986204,100.1801042,123.6098755,102.1376254,132.4867552
690993,1438.825305,468,690993,Colt Keith,DET,Colt Keith,Colt Keith,468,109,FALSE,1438.825305,100.1689026,123.4489763,102.004676,132.3365938
592885,1438.817999,647,592885,Christian Yelich,MIL,Christian Yelich,Christian Yelich,644,121,TRUE,1438.817999,100.168394,123.4416701,101.998639,132.3297752
656305,1438.75408,536,656305,Matt Chapman,SF,Matt Chapman,Matt Chapman,535,118,TRUE,1438.75408,100.163944,123.3777507,101.945823,132.2701216
669743,1438.523692,324,669743,Alex Call,LAD,Alex Call,Alex Call,322,113,FALSE,1438.523692,100.1479048,123.1473635,101.7554563,132.0551096
676914,1438.483767,227,676914,Davis Schneider,TOR,Davis Schneider,Davis Schneider,227,127,FALSE,1438.483767,100.1451252,123.1074379,101.7224662,132.0178485
456781,1437.864594,180,456781,Donovan Solano,SEA,Donovan Solano,Donovan Solano,179,82,FALSE,1437.864594,100.1020194,122.4882656,101.2108502,131.4399976
676694,1437.70751,382,676694,Jake Meyers,HOU,Jake Meyers,Jake Meyers,381,107,FALSE,1437.70751,100.0910834,122.3311812,101.081053,131.2933964
641933,1437.570117,209,641933,Tyler O'Neill,BAL,Tyler O'Neill,Tyler O'Neill,209,91,FALSE,1437.570117,100.0815183,122.1937877,100.9675261,131.1651721
672279,1437.569401,19,672279,Michael Siani,STL,Michael Siani,Michael Siani,19,65,FALSE,1437.569401,100.0814684,122.1930718,100.9669345,131.164504
668939,1437.531963,367,668939,Adley Rutschman,BAL,Adley Rutschman,Adley Rutschman,365,91,FALSE,1437.531963,100.0788621,122.155634,100.936,131.1295646
663796,1437.350956,10,663796,Coco Montes,TB,Coco Montes,Coco Montes,10,5,FALSE,1437.350956,100.0662606,121.9746267,100.7864355,130.9606371
686611,1437.111137,322,686611,Dylan Crews,WAS,Dylan Crews,Dylan Crews,322,77,FALSE,1437.111137,100.0495648,121.7348078,100.5882755,130.7368229
669257,1437.037745,438,669257,Will Smith,LAD,Will Smith,Will Smith,436,153,FALSE,1437.037745,100.0444554,121.6614166,100.527633,130.6683295
681508,1436.866632,110,681508,Mickey Gasper,MIN,Mickey Gasper,Mickey Gasper,110,42,FALSE,1436.866632,100.0325427,121.4903027,100.3862433,130.5086352
672820,1436.579315,544,672820,Lenyn Sosa,CHW,Lenyn Sosa,Lenyn Sosa,544,100,TRUE,1436.579315,100.0125401,121.2029856,100.148836,130.2404926
668723,1436.435348,15,668723,Ryan Vilade,STL,Ryan Vilade,Ryan Vilade,15,-9,FALSE,1436.435348,100.0025173,121.059019,100.0298778,130.1061338
678391,1436.383198,66,678391,Jorbit Vivas,NYY,Jorbit Vivas,Jorbit Vivas,66,52,FALSE,1436.383198,99.99888673,121.006869,99.98678681,130.0574642
593428,1436.087994,557,593428,Xander Bogaerts,SD,Xander Bogaerts,Xander Bogaerts,552,104,TRUE,1436.087994,99.97833507,120.7116652,99.74286276,129.7819612
695238,1436.034312,149,695238,Will Wagner,SD,Will Wagner,Will Wagner,149,78,FALSE,1436.034312,99.97459777,120.6579827,99.69850542,129.7318612
592518,1435.805966,679,592518,Manny Machado,SD,Manny Machado,Manny Machado,678,123,TRUE,1435.805966,99.95870066,120.4296367,99.50982539,129.5187543
622534,1435.469995,20,622534,Manuel Margot,,Manuel Margot,Manuel Margot,20,67,FALSE,1435.469995,99.93531086,120.0936657,99.23221584,129.2052048
630105,1435.11554,517,630105,Jake Cronenworth,SD,Jake Cronenworth,Jake Cronenworth,515,117,TRUE,1435.11554,99.91063429,119.7392116,98.93933394,128.8744057
701762,1435.043683,490,701762,Nick Kurtz,ATH,Nick Kurtz,Nick Kurtz,489,170,FALSE,1435.043683,99.90563164,119.6673537,98.87995841,128.8073433
663886,1434.926042,342,663886,Tyler Stephenson,CIN,Tyler Stephenson,Tyler Stephenson,342,99,FALSE,1434.926042,99.8974417,119.5497134,98.7827534,128.6975539
681624,1434.699357,625,681624,Andy Pages,LAD,Andy Pages,Andy Pages,624,113,TRUE,1434.699357,99.88166023,119.3230285,98.59544589,128.4859971
641598,1434.627607,290,641598,Mitch Garver,SEA,Mitch Garver,Mitch Garver,290,86,FALSE,1434.627607,99.87666508,119.2512782,98.53615935,128.4190352
624428,1434.568319,460,624428,Adam Frazier,KC,Adam Frazier,Adam Frazier,459,89,FALSE,1434.568319,99.87253756,119.1919906,98.4871706,128.3637043
666181,1434.471835,253,666181,Will Benson,CIN,Will Benson,Will Benson,253,85,FALSE,1434.471835,99.86582043,119.0955058,98.4074461,128.2736585
543510,1434.016426,137,543510,James McCann,ARI,James McCann,James McCann,137,110,FALSE,1434.016426,99.83411553,118.6400969,98.03114623,127.848642
686797,1434.007968,528,686797,Brooks Lee,MIN,Brooks Lee,Brooks Lee,527,81,TRUE,1434.007968,99.83352674,118.6316394,98.02415791,127.8407489
457705,1433.777161,553,457705,Andrew McCutchen,PIT,Andrew McCutchen,Andrew McCutchen,551,95,TRUE,1433.777161,99.81745824,118.4008317,97.83344376,127.6253445
805300,1433.750715,234,805300,Jakob Marsee,MIA,Jakob Marsee,Jakob Marsee,234,133,FALSE,1433.750715,99.81561711,118.3743857,97.81159168,127.6006634
657757,1433.625353,546,657757,Gavin Sheets,,Gavin Sheets,Gavin Sheets,545,111,TRUE,1433.625353,99.80688964,118.2490243,97.70800681,127.4836682
691783,1433.608471,74,691783,Jordan Lawlar,ARI,Jordan Lawlar,Jordan Lawlar,74,52,FALSE,1433.608471,99.80571435,118.2321425,97.69405755,127.467913
663837,1433.596057,101,663837,Matt Vierling,DET,Matt Vierling,Matt Vierling,100,76,FALSE,1433.596057,99.80485006,118.2197279,97.68379946,127.4563269
665828,1433.526432,122,665828,Oswaldo Cabrera,NYY,Oswaldo Cabrera,Oswaldo Cabrera,122,83,FALSE,1433.526432,99.8000029,118.1501033,97.62626931,127.3913488
666397,1433.37612,209,666397,Edouard Julien,MIN,Edouard Julien,Edouard Julien,208,81,FALSE,1433.37612,99.78953835,117.9997906,97.50206747,127.2510675
624424,1433.255865,488,624424,Michael Conforto,LAD,Michael Conforto,Michael Conforto,486,83,FALSE,1433.255865,99.78116638,117.8795357,97.40270196,127.1388379
683227,1433.180481,121,683227,Cody Freeman,TEX,Cody Freeman,Cody Freeman,121,66,FALSE,1433.180481,99.77591825,117.8041517,97.3404129,127.0684848
669374,1433.123974,21,669374,Keston Hiura,COL,Keston Hiura,Keston Hiura,21,70,FALSE,1433.123974,99.77198437,117.7476453,97.29372229,127.0157495
656716,1433.028307,512,656716,Zach McKinstry,DET,Zach McKinstry,Zach McKinstry,511,114,TRUE,1433.028307,99.76532414,117.6519779,97.2146732,126.9264665
672275,1432.874801,453,672275,Patrick Bailey,SF,Patrick Bailey,Patrick Bailey,452,70,FALSE,1432.874801,99.75463728,117.4984719,97.08783271,126.783205
680718,1432.714225,503,680718,Addison Barger,TOR,Addison Barger,Addison Barger,502,107,TRUE,1432.714225,99.74345823,117.3378961,96.95515055,126.6333455
663993,1432.57754,610,663993,Nate Lowe,BOS,Nathaniel Lowe,Nathaniel Lowe,609,91,TRUE,1432.57754,99.73394241,117.201211,96.84220897,126.5057822
521692,1432.531256,641,521692,Salvador Perez,KC,Salvador Perez,Salvador Perez,641,95,TRUE,1432.531256,99.73072021,117.1549274,96.80396526,126.4625874
669720,1432.392712,417,669720,Austin Hays,CIN,Austin Hays,Austin Hays,416,105,FALSE,1432.392712,99.72107496,117.016383,96.68948742,126.333289
691182,1432.252839,128,691182,Adael Amador,COL,Adael Amador,Adael Amador,128,35,FALSE,1432.252839,99.71133719,116.8765098,96.57391155,126.2027504
663662,1432.127816,42,663662,Daz Cameron,MIL,Daz Cameron,Daz Cameron,42,38,FALSE,1432.127816,99.70263327,116.7514868,96.47060623,126.086071
696100,1431.487006,579,696100,Hunter Goodman,COL,Hunter Goodman,Hunter Goodman,579,118,TRUE,1431.487006,99.65802107,116.1106774,95.9411118,125.488027
527038,1431.28734,465,527038,Wilmer Flores,SF,Wilmer Flores,Wilmer Flores,463,95,FALSE,1431.28734,99.64412056,115.9110107,95.77612909,125.3016853
665489,1431.077907,680,665489,Vladimir Guerrero Jr.,TOR,Vladimir Guerrero Jr.,Vladimir Guerrero Jr.,680,137,TRUE,1431.077907,99.62954016,115.7015779,95.60307685,125.1062293
807713,1431.03469,438,807713,Matt Shaw,CHC,Matt Shaw,Matt Shaw,437,93,FALSE,1431.03469,99.6265315,115.6583616,95.56736765,125.0658971
663457,1430.909935,583,663457,Lars Nootbaar,STL,Lars Nootbaar,Lars Nootbaar,583,96,TRUE,1430.909935,99.61784622,115.5336062,95.46428348,124.9494674
669394,1430.82437,377,669394,Jake Burger,TEX,Jake Burger,Jake Burger,376,89,FALSE,1430.82437,99.61188933,115.4480415,95.39358225,124.8696131
656413,1430.502863,55,656413,Stuart Fairchild,TB,Stuart Fairchild,Stuart Fairchild,55,68,FALSE,1430.502863,99.58950643,115.1265338,95.12792354,124.5695616
662139,1430.474365,271,662139,Daulton Varsho,TOR,Daulton Varsho,Daulton Varsho,271,123,FALSE,1430.474365,99.58752248,115.0980363,95.10437639,124.542966
624585,1430.018423,315,624585,Jorge Soler,LAA,Jorge Soler,Jorge Soler,315,88,FALSE,1430.018423,99.55578045,114.642094,94.72763569,124.1174516
669016,1429.452334,427,669016,Brandon Marsh,PHI,Brandon Marsh,Brandon Marsh,425,116,FALSE,1429.452334,99.51637018,114.0760052,94.25988212,123.5891416
680911,1429.27557,17,680911,Owen Miller,COL,Owen Miller,Owen Miller,17,28,FALSE,1429.27557,99.50406415,113.8992415,94.11382398,123.4241744
621439,1428.878237,542,621439,Byron Buxton,MIN,Byron Buxton,Byron Buxton,542,136,TRUE,1428.878237,99.4764024,113.5019084,93.78551156,123.0533579
701350,1428.825933,303,701350,Roman Anthony,BOS,Roman Anthony,Roman Anthony,303,140,FALSE,1428.825933,99.47276105,113.449604,93.74229293,123.0045441
596146,1428.738261,475,596146,Max Kepler,PHI,Max Kepler,Max Kepler,474,90,FALSE,1428.738261,99.46665747,113.3619322,93.66985062,122.9227233
702284,1428.51847,257,702284,Cole Young,SEA,Cole Young,Cole Young,257,80,FALSE,1428.51847,99.45135593,113.1421411,93.48823941,122.7176003
650402,1428.490531,629,650402,Gleyber Torres,DET,Gleyber Torres,Gleyber Torres,628,113,TRUE,1428.490531,99.44941089,113.1142025,93.46515402,122.6915262
669208,1428.416957,40,669208,Ryan Bliss,SEA,Ryan Bliss,Ryan Bliss,39,76,FALSE,1428.416957,99.44428877,113.0406284,93.40436046,122.6228622
663616,1428.35869,567,663616,Trevor Larnach,MIN,Trevor Larnach,Trevor Larnach,567,102,TRUE,1428.35869,99.4402323,112.9823614,93.35621499,122.5684837
683146,1428.269864,432,683146,Brett Baty,NYM,Brett Baty,Brett Baty,432,111,FALSE,1428.269864,99.43404836,112.8935353,93.28281884,122.4855855
687363,1428.147188,463,687363,Victor Scott II,STL,Victor Scott II,Victor Scott II,463,76,FALSE,1428.147188,99.42550782,112.770859,93.18145267,122.3710962
621028,1428.145793,117,621028,Kevin Newman,LAA,Kevin Newman,Kevin Newman,116,27,FALSE,1428.145793,99.42541073,112.7694645,93.18030035,122.3697947
700932,1427.703995,532,700932,Kyle Manzardo,CLE,Kyle Manzardo,Kyle Manzardo,531,113,TRUE,1427.703995,99.3946534,112.3276663,92.81524688,121.9574806
660688,1427.611176,267,660688,Keibert Ruiz,WAS,Keibert Ruiz,Keibert Ruiz,267,65,FALSE,1427.611176,99.38819149,112.2348475,92.7385516,121.8708562
663368,1427.045618,171,663368,Blake Perkins,MIL,Blake Perkins,Blake Perkins,171,83,FALSE,1427.045618,99.34881814,111.6692891,92.27123621,121.3430411
545341,1426.894405,293,545341,Randal Grichuk,KC,Randal Grichuk,Randal Grichuk,293,82,FALSE,1426.894405,99.33829092,111.5180762,92.14629054,121.2019197
671289,1426.810608,428,671289,Tyler Freeman,COL,Tyler Freeman,Tyler Freeman,428,91,FALSE,1426.810608,99.33245706,111.4342787,92.07704946,121.1237145
669707,1426.438364,378,669707,Jared Triolo,PIT,Jared Triolo,Jared Triolo,376,86,FALSE,1426.438364,99.30654199,111.0620347,91.76946794,120.7763128
805367,1426.173343,505,805367,Chase Meidroth,CHW,Chase Meidroth,Chase Meidroth,505,87,TRUE,1426.173343,99.28809164,110.7970142,91.55048407,120.5289788
669289,1425.870116,330,669289,Santiago Espinal,CIN,Santiago Espinal,Santiago Espinal,328,58,FALSE,1425.870116,99.26698143,110.4937873,91.29993067,120.2459882
663757,1425.586295,582,663757,Trent Grisham,NYY,Trent Grisham,Trent Grisham,581,129,TRUE,1425.586295,99.24722222,110.2099661,91.06541197,119.9811082
608701,1425.413283,211,608701,Rob Refsnyder,SEA,Rob Refsnyder,Rob Refsnyder,209,128,FALSE,1425.413283,99.23517741,110.0369546,90.92245431,119.8196429
670764,1425.292867,318,670764,Taylor Walls,TB,Taylor Walls,Taylor Walls,317,66,FALSE,1425.292867,99.22679419,109.916538,90.82295523,119.7072625
643396,1425.189165,460,643396,Isiah Kiner-Falefa,TOR,Isiah Kiner-Falefa,Isiah Kiner-Falefa,459,75,FALSE,1425.189165,99.21957464,109.8128365,90.73726773,119.6104817
693304,1425.142726,409,693304,Nick Gonzales,PIT,Nick Gonzales,Nick Gonzales,408,82,FALSE,1425.142726,99.21634157,109.7663967,90.69889495,119.567141
696285,1424.994764,365,696285,Jacob Young,WAS,Jacob Young,Jacob Young,364,66,FALSE,1424.994764,99.20604071,109.6184353,90.57663588,119.429054
677649,1424.764047,219,677649,Ezequiel Duran,TEX,Ezequiel Duran,Ezequiel Duran,219,57,FALSE,1424.764047,99.18997851,109.3877179,90.38599643,119.213734
665862,1424.618933,531,665862,Jazz Chisholm,NYY,Jazz Chisholm Jr.,Jazz Chisholm Jr.,531,126,TRUE,1424.618933,99.1798759,109.2426041,90.26609026,119.0783045
457759,1424.471237,191,457759,Justin Turner,,Justin Turner,Justin Turner,191,71,FALSE,1424.471237,99.16959354,109.0949084,90.14405076,118.9404655
701305,1424.453245,109,701305,Zach Dezenzo,HOU,Zach Dezenzo,Zach Dezenzo,109,96,FALSE,1424.453245,99.16834096,109.0769164,90.12918414,118.9236742
596115,1424.426946,655,596115,Trevor Story,BOS,Trevor Story,Trevor Story,654,101,TRUE,1424.426946,99.16651008,109.0506176,90.10745371,118.8991305
643446,1424.416343,462,643446,Jeff McNeil,ATH,Jeff McNeil,Jeff McNeil,462,111,FALSE,1424.416343,99.16577186,109.0400137,90.09869185,118.8892343
677950,1424.336029,470,677950,Alek Thomas,ARI,Alek Thomas,Alek Thomas,469,81,FALSE,1424.336029,99.16018054,108.9597001,90.03232952,118.8142806
702616,1424.009865,650,702616,Jackson Holliday,BAL,Jackson Holliday,Jackson Holliday,649,96,TRUE,1424.009865,99.13747345,108.6335357,89.76282306,118.5098832
660844,1423.953888,111,660844,Leo Rivas,SEA,Leo Rivas,Leo Rivas,111,121,FALSE,1423.953888,99.13357646,108.5775593,89.71657034,118.4576425
655316,1423.694448,135,655316,Andruw Monasterio,MIL,Andruw Monasterio,Andruw Monasterio,135,111,FALSE,1423.694448,99.11551459,108.3181187,89.50219709,118.215516
642180,1423.626016,127,642180,Tyler Wade,SD,Tyler Wade,Tyler Wade,127,69,FALSE,1423.626016,99.11075047,108.249687,89.44565263,118.1516512
695336,1423.40635,295,695336,Thomas Saggese,STL,Thomas Saggese,Thomas Saggese,295,81,FALSE,1423.40635,99.09545767,108.0300214,89.26414511,117.9466453
665839,1423.294757,102,665839,Enmanuel Valdez,PIT,Enmanuel Valdez,Enmanuel Valdez,102,82,FALSE,1423.294757,99.0876887,107.9184279,89.17193651,117.8424992
687551,1423.112007,110,687551,Drew Gilbert,SF,Drew Gilbert,Drew Gilbert,109,66,FALSE,1423.112007,99.07496593,107.7356782,89.0209322,117.6719455
700337,1423.089079,403,700337,Edgar Quero,CHW,Edgar Quero,Edgar Quero,403,95,FALSE,1423.089079,99.07336972,107.7127502,89.00198704,117.6505476
502671,1423.05785,534,502671,Paul Goldschmidt,NYY,Paul Goldschmidt,Paul Goldschmidt,534,103,TRUE,1423.05785,99.07119558,107.6815208,88.97618251,117.6214024
670242,1422.996303,393,670242,Matt Wallner,MIN,Matt Wallner,Matt Wallner,392,114,FALSE,1422.996303,99.06691078,107.619974,88.92532701,117.563963
656537,1422.960265,149,656537,Derek Hill,MIA,Derek Hill,Derek Hill,149,70,FALSE,1422.960265,99.0644019,107.5839366,88.8955496,117.5303306
595777,1422.493634,373,595777,Jurickson Profar,ATL,Jurickson Profar,Jurickson Profar,371,122,FALSE,1422.493634,99.03191568,107.1173047,88.5099763,117.0948401
666915,1422.442361,21,666915,Bobby Dalbec,CHW,Bobby Dalbec,Bobby Dalbec,21,80,FALSE,1422.442361,99.02834616,107.0660321,88.46761027,117.0469893
672569,1422.403093,66,672569,Gustavo Campero,LAA,Gustavo Campero,Gustavo Campero,66,74,FALSE,1422.403093,99.02561239,107.0267643,88.4351636,117.010342
691785,1422.301404,137,691785,Marcelo Mayer,BOS,Marcelo Mayer,Marcelo Mayer,136,80,FALSE,1422.301404,99.01853291,106.9250747,88.35113852,116.9154388
663647,1422.236357,570,663647,Ke'Bryan Hayes,CIN,Ke'Bryan Hayes,Ke'Bryan Hayes,570,65,TRUE,1422.236357,99.01400446,106.8600281,88.29739116,116.8547332
571657,1422.235343,300,571657,Kyle Farmer,COL,Kyle Farmer,Kyle Farmer,300,65,FALSE,1422.235343,99.01393388,106.8590143,88.29655342,116.853787
687231,1422.123978,197,687231,Darell Hernaiz,ATH,Darell Hernaiz,Darell Hernaiz,197,65,FALSE,1422.123978,99.00618077,106.7476487,88.20453312,116.7498536
695578,1421.902342,691,695578,James Wood,WAS,James Wood,James Wood,689,127,TRUE,1421.902342,98.9907508,106.5260127,88.02139751,116.5430088
670032,1421.780097,28,670032,Nicky Lopez,CHC,Nicky Lopez,Nicky Lopez,28,-21,FALSE,1421.780097,98.9822403,106.403768,87.92038789,116.4289223
518934,1421.727708,144,518934,DJ LeMahieu,NYY,DJ LeMahieu,DJ LeMahieu,142,95,FALSE,1421.727708,98.97859305,106.3513788,87.87709924,116.3800294
657136,1420.889083,188,657136,Connor Wong,BOS,Connor Wong,Connor Wong,188,39,FALSE,1420.889083,98.92020923,105.5127542,87.18415198,115.5973716
669224,1420.768197,449,669224,Austin Wells,NYY,Austin Wells,Austin Wells,448,94,FALSE,1420.768197,98.91179331,105.391868,87.0842649,115.4845529
668904,1420.544061,406,668904,Royce Lewis,MIN,Royce Lewis,Royce Lewis,403,85,FALSE,1420.544061,98.8961893,105.1677321,86.89906363,115.2753751
670092,1420.432388,44,670092,Trenton Brooks,SD,Trenton Brooks,Trenton Brooks,43,26,FALSE,1420.432388,98.88841479,105.0560591,86.80678929,115.1711547
672016,1420.423138,159,672016,Denzel Clarke,ATH,Denzel Clarke,Denzel Clarke,159,75,FALSE,1420.423138,98.88777083,105.0468093,86.79914629,115.1625222
694388,1420.324561,104,694388,Joey Loperfido,TOR,Joey Loperfido,Joey Loperfido,104,148,FALSE,1420.324561,98.88090807,104.9482326,86.7176933,115.0705241
669261,1420.293058,179,669261,Jack Suwinski,PIT,Jack Suwinski,Jack Suwinski,178,55,FALSE,1420.293058,98.87871485,104.9167292,86.69166233,115.0411231
663697,1420.253079,567,663697,Jonathan India,KC,Jonathan India,Jonathan India,567,89,TRUE,1420.253079,98.87593159,104.8767505,86.65862835,115.0038125
677800,1420.21077,417,677800,Wilyer Abreu,BOS,Wilyer Abreu,Wilyer Abreu,417,110,FALSE,1420.21077,98.8729861,104.8344415,86.62366883,114.9643271
679529,1420.138131,649,679529,Spencer Torkelson,DET,Spencer Torkelson,Spencer Torkelson,649,118,TRUE,1420.138131,98.86792906,104.7618022,86.56364774,114.8965355
664034,1420.101253,492,664034,Ty France,TOR,Ty France,Ty France,490,92,FALSE,1420.101253,98.86536169,104.7249246,86.53317607,114.8621189
670097,1420.059765,56,670097,Zack Short,HOU,Zack Short,Zack Short,56,89,FALSE,1420.059765,98.86247333,104.6834362,86.49889467,114.8233994
695506,1420.024604,232,695506,Jac Caglianone,KC,Jac Caglianone,Jac Caglianone,232,46,FALSE,1420.024604,98.86002548,104.6482753,86.46984152,114.7905849
691185,1419.943352,61,691185,Maximo Acosta,MIA,Maximo Acosta,Maximo Acosta,61,91,FALSE,1419.943352,98.85436882,104.5670231,86.40270362,114.7147552
657041,1419.931029,142,657041,Lane Thomas,KC,Lane Thomas,Lane Thomas,142,48,FALSE,1419.931029,98.85351095,104.5547006,86.39252169,114.7032551
666152,1419.863153,196,666152,David Hamilton,BOS,David Hamilton,David Hamilton,194,60,FALSE,1419.863153,98.8487855,104.4868243,86.33643616,114.6399086
691023,1419.271981,396,691023,Jordan Walker,STL,Jordan Walker,Jordan Walker,396,66,FALSE,1419.271981,98.80762896,103.8956521,85.84795637,114.0881891
668227,1419.059386,712,668227,Randy Arozarena,SEA,Randy Arozarena,Randy Arozarena,709,120,TRUE,1419.059386,98.7928284,103.683057,85.67229115,113.8897819
805249,1419.037417,218,805249,Otto Kemp,PHI,Otto Kemp,Otto Kemp,218,95,FALSE,1419.037417,98.79129897,103.6610882,85.65413855,113.8692792
656896,1418.926529,127,656896,Emmanuel Rivera,BAL,Emmanuel Rivera,Emmanuel Rivera,127,64,FALSE,1418.926529,98.78357908,103.5501998,85.56251253,113.7657911
671732,1418.717373,632,671732,Lawrence Butler,ATH,Lawrence Butler,Lawrence Butler,630,96,TRUE,1418.717373,98.76901798,103.3410443,85.38968941,113.5705939
687221,1418.606222,155,687221,Dalton Rushing,LAD,Dalton Rushing,Dalton Rushing,155,62,FALSE,1418.606222,98.76127981,103.2298933,85.29784643,113.4668607
667472,1418.350658,334,667472,Dane Myers,CIN,Dane Myers,Dane Myers,333,72,FALSE,1418.350658,98.74348784,102.9743296,85.08667663,113.2283524
571912,1418.008579,54,571912,Luke Maile,,Luke Maile,Luke Maile,54,99,FALSE,1418.008579,98.71967277,102.6322501,84.80401971,112.9091021
680776,1417.889096,697,680776,Jarren Duran,BOS,Jarren Duran,Jarren Duran,696,111,TRUE,1417.889096,98.71135456,102.5127673,84.7052923,112.7975932
623168,1417.856853,174,623168,Tyler Heineman,TOR,Tyler Heineman,Tyler Heineman,174,120,FALSE,1417.856853,98.70910987,102.4805246,84.67865046,112.7675023
656941,1417.830738,726,656941,Kyle Schwarber,PHI,Kyle Schwarber,Kyle Schwarber,724,152,TRUE,1417.830738,98.70729175,102.4544092,84.65707154,112.7431297
805811,1417.719317,37,805811,Bryce Eldridge,SF,Bryce Eldridge,Bryce Eldridge,37,54,FALSE,1417.719317,98.69953479,102.3429883,84.56500552,112.6391446
542303,1417.678752,592,542303,Marcell Ozuna,ATL,Marcell Ozuna,Marcell Ozuna,592,114,TRUE,1417.678752,98.6967107,102.3024231,84.53148689,112.6012866
691026,1417.612088,538,691026,Masyn Winn,STL,Masyn Winn,Masyn Winn,537,91,TRUE,1417.612088,98.69206962,102.2357587,84.47640279,112.5390711
641584,1416.987202,218,641584,Jake Fraley,TB,Jake Fraley,Jake Fraley,217,97,FALSE,1416.987202,98.64856602,101.6108733,83.96006612,111.9558884
671213,1416.741784,112,671213,Triston Casas,BOS,Triston Casas,Triston Casas,112,56,FALSE,1416.741784,98.63148036,101.365455,83.75727936,111.7268484
677595,1416.600578,184,677595,Ronny Mauricio,NYM,Ronny Mauricio,Ronny Mauricio,184,88,FALSE,1416.600578,98.6216498,101.2242489,83.6406022,111.5950659
674441,1416.587654,15,674441,Jacob Hurtubise,CIN,Jacob Hurtubise,Jacob Hurtubise,15,19,FALSE,1416.587654,98.6207501,101.2113256,83.62992378,111.5830051
676724,1416.466056,47,676724,Jared Young,NYM,Jared Young,Jared Young,47,95,FALSE,1416.466056,98.6122846,101.0897274,83.52944834,111.4695219
679032,1416.098398,172,679032,Johan Rojas,PHI,Johan Rojas,Johan Rojas,172,58,FALSE,1416.098398,98.58668876,100.7220688,83.22565573,111.1263996
666023,1415.930939,348,666023,Freddy Fermin,SD,Freddy Fermin,Freddy Fermin,347,77,FALSE,1415.930939,98.57503055,100.5546105,83.08728651,110.9701168
516782,1415.82988,329,516782,Starling Marte,NYM,Starling Marte,Starling Marte,329,112,FALSE,1415.82988,98.56799496,100.4535512,83.00378223,110.8758018
608348,1415.787406,422,608348,Carson Kelly,CHC,Carson Kelly,Carson Kelly,421,115,FALSE,1415.787406,98.565038,100.4110774,82.96868659,110.8361626
592663,1415.759509,550,592663,J.T. Realmuto,PHI,J.T. Realmuto,J.T. Realmuto,550,94,TRUE,1415.759509,98.56309585,100.3831805,82.94563563,110.8101274
678009,1415.732545,213,678009,Parker Meadows,DET,Parker Meadows,Parker Meadows,213,75,FALSE,1415.732545,98.56121861,100.3562158,82.92335499,110.7849623
467793,1415.325008,478,467793,Carlos Santana,CLE,Carlos Santana,Carlos Santana,474,82,FALSE,1415.325008,98.53284654,99.94867961,82.58661181,110.4046236
681481,1415.061843,464,681481,Kerry Carpenter,DET,Kerry Carpenter,Kerry Carpenter,464,115,FALSE,1415.061843,98.51452537,99.68551452,82.36916108,110.1590212
667670,1415.041796,699,667670,Brent Rooker,ATH,Brent Rooker,Brent Rooker,699,122,TRUE,1415.041796,98.51312969,99.66546692,82.35259594,110.1403115
687957,1414.893465,43,687957,Dustin Harris,TEX,Dustin Harris,Dustin Harris,43,69,FALSE,1414.893465,98.50280313,99.51713629,82.2300318,110.0018799
695391,1414.791068,84,695391,Brett Harris,ATH,Brett Harris,Brett Harris,84,96,FALSE,1414.791068,98.49567435,99.41473865,82.14542164,109.906316
691019,1414.305658,297,691019,Kyle Teel,CHW,Kyle Teel,Kyle Teel,297,125,FALSE,1414.305658,98.46188086,98.92932918,81.74433256,109.453301
686894,1414.168368,61,686894,Joey Wiemer,SF,Joey Wiemer,Joey Wiemer,61,88,FALSE,1414.168368,98.45232293,98.7920392,81.6308912,109.3251733
805373,1414.104563,210,805373,Nacho Alvarez Jr.,ATL,Nacho Alvarez Jr.,Nacho Alvarez Jr.,208,76,FALSE,1414.104563,98.44788089,98.72823376,81.57816939,109.265626
656775,1414.022163,498,656775,Cedric Mullins,TB,Cedric Mullins,Cedric Mullins,498,94,FALSE,1414.022163,98.44214432,98.64583372,81.51008305,109.188725
663536,1414.021936,23,663536,Tristin English,ARI,Tristin English,Tristin English,23,-31,FALSE,1414.021936,98.44212855,98.64560718,81.50989587,109.1885136
642215,1413.910178,125,642215,Weston Wilson,PHI,Weston Wilson,Weston Wilson,125,81,FALSE,1413.910178,98.43434812,98.53384917,81.41755131,109.0842139
678554,1413.869446,266,678554,Curtis Mead,CHW,Curtis Mead,Curtis Mead,264,76,FALSE,1413.869446,98.43151239,98.49311677,81.38389454,109.0461999
607680,1413.814299,43,607680,Kevin Pillar,,Kevin Pillar,Kevin Pillar,43,25,FALSE,1413.814299,98.42767313,98.43796966,81.33832702,108.9947331
543592,1413.338568,41,543592,Austin Nola,COL,Austin Nola,Austin Nola,41,8,FALSE,1413.338568,98.39455349,97.96223931,80.94523571,108.5507513
680474,1413.225597,213,680474,Max Schuemann,ATH,Max Schuemann,Max Schuemann,213,62,FALSE,1413.225597,98.3866886,97.8492681,80.85188871,108.4453194
669236,1413.155868,185,669236,Jeremiah Jackson,BAL,Jeremiah Jackson,Jeremiah Jackson,183,117,FALSE,1413.155868,98.38183414,97.77953872,80.794272,108.3802435
668731,1413.15136,18,668731,Akil Baddoo,DET,Akil Baddoo,Akil Baddoo,18,-8,FALSE,1413.15136,98.38152036,97.77503164,80.79054785,108.3760372
665019,1413.017046,387,665019,Kody Clemens,MIN,Kody Clemens,Kody Clemens,386,95,FALSE,1413.017046,98.37216958,97.64071702,80.679565,108.2506862
687263,1412.778426,555,687263,Zach Neto,LAA,Zach Neto,Zach Neto,554,116,TRUE,1412.778426,98.3555572,97.402097,80.48239562,108.0279909
650968,1412.566933,168,650968,Yohel Pozo,STL,Yohel Pozo,Yohel Pozo,168,76,FALSE,1412.566933,98.34083337,97.19060408,80.3076411,107.8306122
701358,1412.497541,495,701358,Cam Smith,HOU,Cam Smith,Cam Smith,493,90,FALSE,1412.497541,98.33600238,97.12121177,80.25030292,107.7658509
608671,1412.467354,50,608671,Travis Jankowski,TB,Travis Jankowski,Travis Jankowski,50,57,FALSE,1412.467354,98.33390082,97.09102496,80.22535985,107.7376787
686765,1412.360671,104,686765,Nick Sogard,BOS,Nick Sogard,Nick Sogard,104,83,FALSE,1412.360671,98.32647371,96.98434197,80.13720875,107.6381153
689172,1411.912535,63,689172,Brett Wisely,SF,Brett Wisely,Brett Wisely,63,71,FALSE,1411.912535,98.29527517,96.53620634,79.76691868,107.2198867
647351,1411.863462,285,647351,Abraham Toro,BOS,Abraham Toro,Abraham Toro,284,77,FALSE,1411.863462,98.29185876,96.48713314,79.72636997,107.1740885
656555,1411.458243,328,656555,Rhys Hoskins,MIL,Rhys Hoskins,Rhys Hoskins,328,109,FALSE,1411.458243,98.26364802,96.08191432,79.39154164,106.7959125
641645,1411.445435,21,641645,Luis Guillorme,,Luis Guillorme,Luis Guillorme,21,-5,FALSE,1411.445435,98.26275636,96.06910647,79.38095865,106.7839594
692225,1411.259166,263,692225,Kristian Campbell,BOS,Kristian Campbell,Kristian Campbell,263,86,FALSE,1411.259166,98.24978856,95.88283712,79.22704611,106.610121
671083,1411.135271,32,671083,Buddy Kennedy,PHI,Buddy Kennedy,Buddy Kennedy,32,-24,FALSE,1411.135271,98.2411632,95.75894243,79.12467315,106.4944946
592192,1411.073724,126,592192,Mark Canha,,Mark Canha,Mark Canha,125,49,FALSE,1411.073724,98.23687835,95.69739496,79.07381708,106.4370546
645302,1410.922233,114,645302,Victor Robles,SEA,Victor Robles,Victor Robles,114,75,FALSE,1410.922233,98.2263318,95.54590437,78.94864189,106.295674
666176,1410.905123,573,666176,Jo Adell,LAA,Jo Adell,Jo Adell,573,112,TRUE,1410.905123,98.22514058,95.52879367,78.93450349,106.2797052
666464,1410.825019,56,666464,Jerar Encarnacion,SF,Jerar Encarnacion,Jerar Encarnacion,56,57,FALSE,1410.825019,98.21956386,95.44868977,78.86831442,106.2049471
687637,1410.528044,138,687637,Dylan Beavers,BAL,Dylan Beavers,Dylan Beavers,137,125,FALSE,1410.528044,98.1988889,95.15171476,78.62292689,105.9277912
701675,1410.364768,65,701675,Nathan Church,STL,Nathan Church,Nathan Church,65,46,FALSE,1410.364768,98.18752187,94.98843881,78.48801358,105.7754117
650859,1410.146703,543,650859,Luis Rengifo,LAA,Luis Rengifo,Luis Rengifo,541,73,TRUE,1410.146703,98.17234054,94.77037436,78.30782907,105.5719001
682985,1410.039225,656,682985,Riley Greene,DET,Riley Greene,Riley Greene,655,121,TRUE,1410.039225,98.1648581,94.66289664,78.21902128,105.471595
650489,1409.70069,454,650489,Willi Castro,CHC,Willi Castro,Willi Castro,454,92,FALSE,1409.70069,98.14128978,94.32436149,77.93929301,105.1556525
642851,1409.607715,110,642851,Austin Wynns,ATH,Austin Wynns,Austin Wynns,110,132,FALSE,1409.607715,98.13481695,94.23138579,77.8624681,105.0688817
641555,1409.275923,98,641555,J.C. Escarra,NYY,J.C. Escarra,J.C. Escarra,98,79,FALSE,1409.275923,98.1117181,93.89959414,77.58831193,104.7592326
666624,1409.245101,306,666624,Christopher Morel,MIA,Christopher Morel,Christopher Morel,305,90,FALSE,1409.245101,98.10957232,93.86877213,77.562844,104.7304676
682183,1409.129979,18,682183,Drew Avans,MIL,Drew Avans,Drew Avans,18,-48,FALSE,1409.129979,98.10155771,93.75365034,77.46772,104.6230286
624415,1408.634533,83,624415,Cavan Biggio,KC,Cavan Biggio,Cavan Biggio,83,59,FALSE,1408.634533,98.0670655,93.25820454,77.058338,104.1606471
694376,1408.371074,32,694376,Shay Whitcomb,HOU,Shay Whitcomb,Shay Whitcomb,32,-14,FALSE,1408.371074,98.04872384,92.99474516,76.8406441,103.9147701
669398,1408.329083,17,669398,Gage Workman,CHW,Gage Workman,Gage Workman,17,38,FALSE,1408.329083,98.04580048,92.95275398,76.8059472,103.8755812
677008,1408.148309,167,677008,Heston Kjerstad,BAL,Heston Kjerstad,Heston Kjerstad,167,57,FALSE,1408.148309,98.03321528,92.77198027,76.65657566,103.7068717
677942,1407.754173,266,677942,Blaze Alexander,ARI,Blaze Alexander,Blaze Alexander,266,99,FALSE,1407.754173,98.00577607,92.37784364,76.33090444,103.3390384
669397,1407.548393,416,669397,Nick Allen,HOU,Nick Allen,Nick Allen,416,53,FALSE,1407.548393,97.99145,92.17206409,76.16087082,103.1469918
664040,1407.298627,556,664040,Brandon Lowe,PIT,Brandon Lowe,Brandon Lowe,553,114,TRUE,1407.298627,97.97406163,91.92229766,75.95449128,102.9138939
542932,1407.269729,107,542932,Jon Berti,CHC,Jon Berti,Jon Berti,107,42,FALSE,1407.269729,97.97204985,91.89340049,75.93061382,102.8869252
663604,1406.607496,148,663604,Brandon Lockridge,MIL,Brandon Lockridge,Brandon Lockridge,148,63,FALSE,1406.607496,97.9259461,91.23116667,75.38341653,102.2688865
681962,1406.263589,105,681962,Vinny Capra,MIL,Vinny Capra,Vinny Capra,105,-11,FALSE,1406.263589,97.90200382,90.88725995,75.09924978,101.9479309
642201,1406.056768,272,642201,Eli White,ATL,Eli White,Eli White,271,84,FALSE,1406.056768,97.88760525,90.68043903,74.92835569,101.7549125
645444,1405.833437,204,645444,Jose Herrera,ARI,Jose Herrera,Jose Herrera,204,57,FALSE,1405.833437,97.87205725,90.45710764,74.74381916,101.5464855
680728,1405.3806,132,680728,Adrian Del Castillo,ARI,Adrian Del Castillo,Adrian Del Castillo,131,87,FALSE,1405.3806,97.84053146,90.00427144,74.36964505,101.12387
668709,1405.172902,344,668709,JJ Bleday,CIN,JJ Bleday,JJ Bleday,344,90,FALSE,1405.172902,97.82607178,89.7965727,74.19802562,100.9300323
622569,1405.032789,34,622569,Pablo Reyes,NYY,Pablo Reyes,Pablo Reyes,34,33,FALSE,1405.032789,97.81631735,89.65646022,74.08225206,100.7992704
656582,1404.980478,80,656582,Connor Joe,CIN,Connor Joe,Connor Joe,80,40,FALSE,1404.980478,97.81267555,89.60414944,74.03902818,100.7504507
493329,1404.964908,40,493329,Yulieski Gurriel,,Yuli Gurriel,Yuli Gurriel,40,3,FALSE,1404.964908,97.81159159,89.58857932,74.02616274,100.7359197
624431,1404.700509,302,624431,Jose Trevino,CIN,Jose Trevino,Jose Trevino,302,66,FALSE,1404.700509,97.79318452,89.32418039,73.8076925,100.4891658
805904,1403.715067,53,805904,Zach Cole,HOU,Zach Cole,Zach Cole,52,142,FALSE,1403.715067,97.72457947,88.33873796,72.99343111,99.56948827
670042,1403.359814,219,670042,Luke Raley,SEA,Luke Raley,Luke Raley,219,91,FALSE,1403.359814,97.69984732,87.98348564,72.6998896,99.23794423
642731,1403.114879,165,642731,Thairo Estrada,COL,Thairo Estrada,Thairo Estrada,165,66,FALSE,1403.114879,97.68279524,87.73854969,72.49750144,99.00935444
656976,1402.952423,288,656976,Pavin Smith,ARI,Pavin Smith,Pavin Smith,288,123,FALSE,1402.952423,97.67148533,87.57609418,72.36326605,98.85774063
642136,1402.902255,191,642136,Matt Thaiss,TB,Matt Thaiss,Matt Thaiss,190,89,FALSE,1402.902255,97.66799273,87.52592649,72.32181298,98.81092096
669450,1402.870116,105,669450,Cooper Hummel,HOU,Cooper Hummel,Cooper Hummel,105,70,FALSE,1402.870116,97.66575523,87.49378712,72.29525653,98.78092645
665750,1402.439322,180,665750,Leody Taveras,BAL,Leody Taveras,Leody Taveras,180,47,FALSE,1402.439322,97.63576397,87.06299289,71.93929549,98.3788819
666211,1402.433975,135,666211,Taylor Trammell,HOU,Taylor Trammell,Taylor Trammell,135,80,FALSE,1402.433975,97.63539176,87.05764639,71.93487773,98.37389221
657077,1402.213307,213,657077,Alex Verdugo,,Alex Verdugo,Alex Verdugo,213,66,FALSE,1402.213307,97.62002916,86.83697823,71.7525418,98.16795066
681807,1402.178217,157,681807,David Fry,CLE,David Fry,David Fry,157,63,FALSE,1402.178217,97.61758626,86.80188834,71.72354737,98.13520254
663897,1402.115829,34,663897,Luke Williams,ATL,Luke Williams,Luke Williams,34,0,FALSE,1402.115829,97.61324286,86.73949986,71.67199638,98.07697765
683011,1402.090326,597,683011,Anthony Volpe,NYY,Anthony Volpe,Anthony Volpe,596,83,TRUE,1402.090326,97.61146739,86.71399698,71.6509236,98.05317674
664238,1401.932014,243,664238,Dylan Moore,TEX,Dylan Moore,Dylan Moore,243,83,FALSE,1401.932014,97.60044596,86.55568519,71.52011213,97.90543012
663624,1401.924988,357,663624,Ryan Mountcastle,BAL,Ryan Mountcastle,Ryan Mountcastle,357,81,FALSE,1401.924988,97.59995682,86.54865929,71.51430669,97.8988731
570482,1401.920636,197,570482,Giovanny Urshela,ATH,Gio Urshela,Gio Urshela,197,68,FALSE,1401.920636,97.59965381,86.54430682,71.51071029,97.8948111
682729,1401.77404,113,682729,Jonatan Clase,TOR,Jonatan Clase,Jonatan Clase,112,69,FALSE,1401.77404,97.58944804,86.39771125,71.38957981,97.7579988
676701,1401.123311,43,676701,Alan Trejo,COL,Alan Trejo,Alan Trejo,43,-4,FALSE,1401.123311,97.54414522,85.74698194,70.85188857,97.15069685
668901,1401.098535,463,668901,Mark Vientos,NYM,Mark Vientos,Mark Vientos,463,97,FALSE,1401.098535,97.54242038,85.72220635,70.83141675,97.1275747
680779,1401.021888,283,680779,Henry Davis,PIT,Henry Davis,Henry Davis,283,41,FALSE,1401.021888,97.53708435,85.64555956,70.76808426,97.05604304
690924,1400.903603,120,690924,Braxton Fulford,COL,Braxton Fulford,Braxton Fulford,120,49,FALSE,1400.903603,97.52884951,85.52727442,70.67034641,96.94565184
702176,1400.890382,153,702176,Alan Roden,MIN,Alan Roden,Alan Roden,153,56,FALSE,1400.890382,97.52792904,85.51405275,70.65942147,96.93331253
606115,1400.837553,214,606115,Orlando Arcia,COL,Orlando Arcia,Orlando Arcia,214,33,FALSE,1400.837553,97.5242512,85.4612243,70.61576985,96.88400967
664056,1400.812817,503,664056,Harrison Bader,PHI,Harrison Bader,Harrison Bader,501,122,FALSE,1400.812817,97.5225291,85.43648809,70.59533056,96.86092427
691781,1400.805603,274,691781,Brady House,WAS,Brady House,Brady House,274,56,FALSE,1400.805603,97.52202686,85.42927401,70.58936963,96.85419162
656185,1400.718662,14,656185,Greg Allen,NYY,Greg Allen,Greg Allen,14,-100,FALSE,1400.718662,97.5159742,85.34233361,70.51753163,96.77305332
694728,1400.716305,47,694728,Brice Matthews,HOU,Brice Matthews,Brice Matthews,47,83,FALSE,1400.716305,97.51581008,85.33997618,70.51558371,96.77085321
691777,1400.517914,220,691777,Max Muncy,ATH,Max Muncy,Max Muncy,220,72,FALSE,1400.517914,97.50199837,85.14158483,70.3516549,96.5857018
691777,1400.517914,220,691777,Max Muncy,ATH,Max Muncy,Max Muncy,388,137,FALSE,1400.517914,97.50199837,85.14158483,70.3516549,96.5857018
683357,1400.037214,27,683357,Owen Caissie,MIA,Owen Caissie,Owen Caissie,27,56,FALSE,1400.037214,97.46853274,84.66088479,69.95445718,96.13708198
678894,1399.636236,88,678894,Liover Peguero,PIT,Liover Peguero,Liover Peguero,88,76,FALSE,1399.636236,97.44061729,84.2599076,69.62313366,95.76286458
668670,1399.463123,143,668670,Jake Rogers,DET,Jake Rogers,Jake Rogers,142,70,FALSE,1399.463123,97.42856536,84.08679376,69.4800914,95.60130375
592206,1399.421483,590,592206,Nick Castellanos,PHI,Nick Castellanos,Nick Castellanos,589,90,TRUE,1399.421483,97.42566646,84.04515391,69.4456848,95.56244279
682622,1398.908469,361,682622,Noelvi Marte,CIN,Noelvi Marte,Noelvi Marte,360,101,FALSE,1398.908469,97.3899512,83.53214024,69.02178664,95.08366583
690022,1398.789623,207,690022,Ryan Ritter,COL,Ryan Ritter,Ryan Ritter,207,64,FALSE,1398.789623,97.38167729,83.41329388,68.92358507,94.97275086
682653,1398.330714,146,682653,Warming Bernabel,COL,Warming Bernabel,Warming Bernabel,146,78,FALSE,1398.330714,97.34972872,82.95438479,68.54439299,94.54446774
694359,1398.049357,23,694359,Niko Kavadas,LAA,Niko Kavadas,Niko Kavadas,23,-2,FALSE,1398.049357,97.33014109,82.67302825,68.31191085,94.28188793
671221,1397.947254,219,671221,Drew Waters,KC,Drew Waters,Drew Waters,219,66,FALSE,1397.947254,97.32303284,82.57092552,68.22754437,94.18659918
678662,1397.816574,391,678662,Ezequiel Tovar,COL,Ezequiel Tovar,Ezequiel Tovar,390,78,FALSE,1397.816574,97.3139351,82.44024563,68.11956486,94.0646404
683090,1397.767513,70,683090,Matthew Lugo,LAA,Matthew Lugo,Matthew Lugo,70,89,FALSE,1397.767513,97.31051954,82.3911845,68.07902613,94.01885344
595751,1397.431572,39,595751,Jorge Alfaro,MIL,Jorge Alfaro,Jorge Alfaro,39,54,FALSE,1397.431572,97.28713182,82.05524353,67.80144141,93.70533198
666165,1397.275947,18,666165,Blake Sabol,CHW,Blake Sabol,Blake Sabol,18,-12,FALSE,1397.275947,97.27629739,81.89961788,67.67284946,93.56009222
682928,1396.824625,639,682928,CJ Abrams,WAS,CJ Abrams,CJ Abrams,635,107,TRUE,1396.824625,97.24487701,81.44829568,67.29992636,93.13888967
676801,1396.711012,116,676801,Chas McCormick,HOU,Chas McCormick,Chas McCormick,116,62,FALSE,1396.711012,97.23696749,81.33468341,67.20604966,93.03285948
664068,1396.665003,29,664068,Scott Kingery,CHC,Scott Kingery,Scott Kingery,29,9,FALSE,1396.665003,97.23376438,81.28867397,67.16803251,92.98992054
686554,1396.13444,41,686554,Oliver Dunn,MIL,Oliver Dunn,Oliver Dunn,41,17,FALSE,1396.13444,97.19682738,80.75811132,66.72963381,92.49476577
660757,1395.611121,61,660757,Oscar Gonzalez,SD,Oscar Gonzalez,Oscar Gonzalez,61,38,FALSE,1395.611121,97.16039471,80.23479264,66.29722072,92.00637152
665833,1395.47795,545,665833,Oneil Cruz,PIT,Oneil Cruz,Oneil Cruz,544,86,TRUE,1395.47795,97.15112349,80.10162098,66.18718229,91.88208727
663586,1395.146218,447,663586,Austin Riley,ATL,Austin Riley,Austin Riley,447,103,FALSE,1395.146218,97.12802884,79.76988961,65.91307591,91.57249446
664774,1394.25075,242,664774,LaMonte Wade Jr.,LAA,LaMonte Wade Jr.,LaMonte Wade Jr.,242,52,FALSE,1394.25075,97.06568764,78.87442108,65.17315907,90.73678633
691720,1394.183119,156,691720,Kyle Karros,COL,Kyle Karros,Kyle Karros,156,56,FALSE,1394.183119,97.06097927,78.80679014,65.11727629,90.67366884
669326,1393.991828,150,669326,Bryce Teodosio,LAA,Bryce Teodosio,Bryce Teodosio,150,51,FALSE,1393.991828,97.04766187,78.61549905,64.95921434,90.49514384
687529,1393.795537,26,687529,Grant McCray,SF,Grant McCray,Grant McCray,26,-7,FALSE,1393.795537,97.03399637,78.41920794,64.79702092,90.3119525
686668,1392.995844,538,686668,Brenton Doyle,COL,Brenton Doyle,Brenton Doyle,538,65,TRUE,1392.995844,96.97832291,77.61951479,64.13624234,89.56562804
678877,1392.530884,153,678877,Jhonkensy Noel,CLE,Jhonkensy Noel,Jhonkensy Noel,153,28,FALSE,1392.530884,96.9459531,77.15455511,63.75205072,89.13169812
663898,1391.199541,128,663898,Brendan Rodgers,,Brendan Rodgers,Brendan Rodgers,128,55,FALSE,1391.199541,96.85326696,75.82321217,62.65197513,87.88920428
665155,1390.696259,63,665155,Nick Maton,CHW,Nick Maton,Nick Maton,63,73,FALSE,1390.696259,96.81822923,75.3199305,62.23611843,87.41950984
665052,1390.592697,86,665052,Griffin Conine,MIA,Griffin Conine,Griffin Conine,86,102,FALSE,1390.592697,96.81101938,75.21636825,62.15054597,87.32285898
681351,1389.598876,454,681351,Logan O'Hoppe,LAA,Logan O'Hoppe,Logan O'Hoppe,451,72,FALSE,1389.598876,96.74183102,74.22254728,61.32936146,86.39536209
572191,1388.389386,325,572191,Michael Taylor,CHW,Michael A. Taylor,Michael A. Taylor,325,70,FALSE,1388.389386,96.65762808,73.01305691,60.32997145,85.26658882
699625,1388.235617,46,699625,Jimmy Crooks,STL,Jimmy Crooks,Jimmy Crooks,46,5,FALSE,1388.235617,96.6469229,72.85928777,60.20291352,85.12308168
676070,1387.690513,73,676070,Jacob Amaya,CHW,Jacob Amaya,Jacob Amaya,73,-33,FALSE,1387.690513,96.60897362,72.31418459,59.75250013,84.61435676
669003,1387.656483,78,669003,Garrett Mitchell,MIL,Garrett Mitchell,Garrett Mitchell,78,65,FALSE,1387.656483,96.60660447,72.28015418,59.72438113,84.58259741
669304,1387.543172,36,669304,Jose Miranda,MIN,Jose Miranda,Jose Miranda,36,7,FALSE,1387.543172,96.5987159,72.1668428,59.63075305,84.47684804
694374,1387.484214,225,694374,Tim Tawa,ARI,Tim Tawa,Tim Tawa,225,72,FALSE,1387.484214,96.59461134,72.10788491,59.58203672,84.42182478
606992,1387.237771,77,606992,Eric Haase,MIL,Eric Haase,Eric Haase,77,82,FALSE,1387.237771,96.57745438,71.86144248,59.37840377,84.19182905
621035,1386.526017,125,621035,Chris Taylor,LAA,Chris Taylor,Chris Taylor,125,56,FALSE,1386.526017,96.52790308,71.14968804,58.79028806,83.52757457
670231,1386.260249,175,670231,John Rave,KC,John Rave,John Rave,175,65,FALSE,1386.260249,96.50940074,70.88392062,58.57068706,83.27954353
666134,1385.426747,407,666134,Nolan Jones,CLE,Nolan Jones,Nolan Jones,403,72,FALSE,1385.426747,96.45137351,70.05041798,57.88197202,82.5016659
669221,1385.28996,337,669221,Sean Murphy,ATL,Sean Murphy,Sean Murphy,337,97,FALSE,1385.28996,96.44185062,69.91363116,57.76894641,82.37400775
605131,1384.98142,44,605131,Austin Barnes,SF,Austin Barnes,Austin Barnes,44,41,FALSE,1384.98142,96.42037052,69.60509117,57.51400285,82.08605862
672744,1384.664805,234,672744,Alexander Canario,PIT,Alexander Canario,Alexander Canario,234,68,FALSE,1384.664805,96.39832823,69.28847587,57.25238674,81.79057311
596103,1384.31516,160,596103,Austin Slater,NYY,Austin Slater,Austin Slater,160,78,FALSE,1384.31516,96.37398649,68.93883145,56.96347899,81.46426271
695681,1383.521407,184,695681,Christian Moore,LAA,Christian Moore,Christian Moore,184,82,FALSE,1383.521407,96.31872659,68.14507862,56.30760883,80.72348213
677592,1383.253908,73,677592,Everson Pereira,CHW,Everson Pereira,Everson Pereira,73,30,FALSE,1383.253908,96.30010364,67.87757879,56.08657635,80.4738343
672356,1383.231592,471,672356,Gabriel Arias,CLE,Gabriel Arias,Gabriel Arias,471,77,FALSE,1383.231592,96.29855009,67.85526357,56.0681375,80.45300831
680574,1382.827201,577,680574,Matt McLain,CIN,Matt McLain,Matt McLain,577,77,TRUE,1382.827201,96.27039693,67.45087173,55.7339925,80.07560415
518792,1382.590348,96,518792,Jason Heyward,SD,Jason Heyward,Jason Heyward,95,38,FALSE,1382.590348,96.25390762,67.21401941,55.53828375,79.85455851
689200,1382.58894,79,689200,Jacob Melton,HOU,Jacob Melton,Jacob Melton,78,22,FALSE,1382.58894,96.25380958,67.21261121,55.53712017,79.85324429
672284,1382.410992,65,672284,Jarred Kelenic,ATL,Jarred Kelenic,Jarred Kelenic,65,47,FALSE,1382.410992,96.24142112,67.03466347,55.3900837,79.68717215
666149,1382.079572,243,666149,Tyler Fitzgerald,SF,Tyler Fitzgerald,Tyler Fitzgerald,243,72,FALSE,1382.079572,96.21834813,66.70324326,55.11623444,79.37786975
657557,1381.980032,209,657557,Paul DeJong,WAS,Paul DeJong,Paul DeJong,208,76,FALSE,1381.980032,96.21141827,66.6037028,55.03398513,79.28497226
676044,1381.237925,84,676044,Bob Seymour,TB,Bob Seymour,Bob Seymour,83,48,FALSE,1381.237925,96.15975388,65.86159597,54.42078955,78.59239101
669087,1381.0743,58,669087,Sam Huff,SF,Sam Huff,Sam Huff,58,67,FALSE,1381.0743,96.14836254,65.69797082,54.2855877,78.43968563
641313,1379.760549,90,641313,Tim Anderson,LAA,Tim Anderson,Tim Anderson,90,41,FALSE,1379.760549,96.05690117,64.38422042,53.20004865,77.21361026
666139,1379.252512,436,666139,Josh Lowe,TB,Josh Lowe,Josh Lowe,435,79,FALSE,1379.252512,96.02153239,63.8761835,52.78026274,76.73947793
808975,1378.839455,170,808975,Hyeseong Kim,LAD,Hyeseong Kim,Hyeseong Kim,170,95,FALSE,1378.839455,95.99277595,63.46312634,52.43895767,76.35398674
681146,1378.376223,127,681146,Jonah Bride,MIN,Jonah Bride,Jonah Bride,125,23,FALSE,1378.376223,95.96052642,62.99989428,52.05619357,75.92166914
623993,1377.15772,221,623993,Anthony Santander,TOR,Anthony Santander,Anthony Santander,221,61,FALSE,1377.15772,95.87569605,61.78139148,51.04935668,74.7844849
681297,1377.045995,360,681297,Colton Cowser,BAL,Colton Cowser,Colton Cowser,360,83,FALSE,1377.045995,95.86791791,61.66966636,50.95703931,74.68021592
605361,1376.696541,111,605361,Nick Martini,COL,Nick Martini,Nick Martini,111,49,FALSE,1376.696541,95.8435894,61.32021182,50.66828846,74.35408274
682988,1376.534887,116,682988,Tyler Locklear,ARI,Tyler Locklear,Tyler Locklear,116,52,FALSE,1376.534887,95.83233529,61.15855795,50.53471545,74.20321707
687515,1374.54215,132,687515,Colby Thomas,ATH,Colby Thomas,Colby Thomas,132,82,FALSE,1374.54215,95.69360388,59.16582109,48.88813657,72.3434684
672724,1374.282423,265,672724,Oswald Peraza,LAA,Oswald Peraza,Oswald Peraza,265,32,FALSE,1374.282423,95.67552208,58.90609423,48.67352681,72.10107479
681546,1373.796538,149,681546,James Outman,MIN,James Outman,James Outman,148,48,FALSE,1373.796538,95.6416955,58.4202095,48.27204504,71.64761629
682177,1371.942164,422,682177,Daniel Schneemann,CLE,Daniel Schneemann,Daniel Schneemann,422,79,FALSE,1371.942164,95.51259665,56.56583468,46.73979334,69.91699586
669134,1371.888148,27,669134,Luis Campusano,SD,Luis Campusano,Luis Campusano,27,-5,FALSE,1371.888148,95.50883614,56.51181871,46.69516048,69.86658473
518595,1371.634826,231,518595,Travis d'Arnaud,LAA,Travis d'Arnaud,Travis d'Arnaud,231,64,FALSE,1371.634826,95.49120026,56.25849718,46.48584339,69.63016898
650559,1371.057222,50,650559,Bryan De La Cruz,ATL,Bryan De La Cruz,Bryan De La Cruz,50,27,FALSE,1371.057222,95.45098831,55.680893,46.00857473,69.09111205
688760,1369.853559,74,688760,Blaine Crim,COL,Blaine Crim,Blaine Crim,74,86,FALSE,1369.853559,95.36719107,54.4772302,45.01399999,67.96777744
592178,1369.33004,41,592178,Kris Bryant,COL,Kris Bryant,Kris Bryant,41,-4,FALSE,1369.33004,95.33074447,53.95371151,44.58142164,67.47919653
694212,1368.383856,118,694212,Samuel Basallo,BAL,Samuel Basallo,Samuel Basallo,118,55,FALSE,1368.383856,95.26487249,53.0075269,43.79959859,66.59615692
669004,1367.780959,66,669004,MJ Melendez,KC,MJ Melendez,MJ Melendez,65,-14,FALSE,1367.780959,95.22289971,52.40463026,43.30143103,66.03349547
676439,1367.003755,106,676439,Hunter Feduccia,TB,Hunter Feduccia,Hunter Feduccia,105,39,FALSE,1367.003755,95.16879194,51.62742664,42.65923531,65.30815966
687597,1366.67356,589,687597,Jordan Beck,COL,Jordan Beck,Jordan Beck,588,90,TRUE,1366.67356,95.1458042,51.29723089,42.3863978,65
700242,1364.226803,326,700242,Trey Sweeney,DET,Trey Sweeney,Trey Sweeney,326,53,FALSE,1364.226803,94.97546456,48.8504738,40.36466646,62.7165308
670224,1362.29125,217,670224,Kameron Misner,KC,Kameron Misner,Kameron Misner,217,71,FALSE,1362.29125,94.84071425,46.91492136,38.76533851,60.91015027
676116,1361.529404,60,676116,Ryan Noda,BOS,Ryan Noda,Ryan Noda,59,29,FALSE,1361.529404,94.78767563,46.15307512,38.13583245,60.19914695
691728,1361.522711,37,691728,Zac Veen,COL,Zac Veen,Zac Veen,37,4,FALSE,1361.522711,94.7872097,46.14638238,38.1303023,60.19290085
607732,1360.92938,130,607732,Jacob Stallings,BAL,Jacob Stallings,Jacob Stallings,129,-7,FALSE,1360.92938,94.74590286,45.55305128,37.64003864,59.63916657
676812,1360.438679,30,676812,Carson McCusker,MIN,Carson McCusker,Carson McCusker,30,1,FALSE,1360.438679,94.71174097,45.06235027,37.23457722,59.1812132
690291,1360.147285,55,690291,Jace Jung,DET,Jace Jung,Jace Jung,55,9,FALSE,1360.147285,94.69145451,44.77095568,36.99380073,58.90926525
656180,1359.713856,288,656180,Riley Adams,WAS,Riley Adams,Riley Adams,286,57,FALSE,1359.713856,94.66127982,44.33752674,36.63566266,58.50476182
656248,1357.65161,73,656248,Sean Bouchard,COL,Sean Bouchard,Sean Bouchard,73,26,FALSE,1357.65161,94.51770931,42.27528102,34.93164928,56.58014306
669357,1356.815891,403,669357,Nolan Gorman,STL,Nolan Gorman,Nolan Gorman,402,88,FALSE,1356.815891,94.45952777,41.4395618,34.24110271,55.80019679
694203,1356.588463,43,694203,Denzer Guzman,LAA,Denzer Guzman,Denzer Guzman,43,50,FALSE,1356.588463,94.44369459,41.21213419,34.05318151,55.58794689
656577,1356.572899,100,656577,Alex Jackson,BAL,Alex Jackson,Alex Jackson,100,111,FALSE,1356.572899,94.44261104,41.19657007,34.04032103,55.57342146
680869,1356.444558,101,680869,Zack Gelof,ATH,Zack Gelof,Zack Gelof,101,36,FALSE,1356.444558,94.43367616,41.06822953,33.9342745,55.45364591
670223,1355.691654,134,670223,Matt Mervis,MIA,Matt Mervis,Matt Mervis,134,72,FALSE,1355.691654,94.38126004,40.31532475,33.31215668,54.75098733
664913,1355.504534,76,664913,Seth Brown,ATH,Seth Brown,Seth Brown,76,64,FALSE,1355.504534,94.36823302,40.12820488,33.15754137,54.57635517
694362,1353.575933,75,694362,Blake Dunn,CIN,Blake Dunn,Blake Dunn,75,67,FALSE,1353.575933,94.23396671,38.19960459,31.5639579,52.77646283
677956,1351.889201,45,677956,Rece Hinds,CIN,Rece Hinds,Rece Hinds,44,2,FALSE,1351.889201,94.11653889,36.51287231,30.17022759,51.20229707
668952,1351.858482,44,668952,Ryan Kreidler,DET,Ryan Kreidler,Ryan Kreidler,44,-12,FALSE,1351.858482,94.11440028,36.48215346,30.14484491,51.17362829
622761,1350.492795,83,622761,Jorge Mateo,BAL,Jorge Mateo,Jorge Mateo,83,33,FALSE,1350.492795,94.01932311,35.11646569,29.01639053,49.89908168
690976,1350.373625,97,690976,Alex Freeland,LAD,Alex Freeland,Alex Freeland,97,73,FALSE,1350.373625,94.01102669,34.99729601,28.91792179,49.78786496
700246,1350.085959,107,700246,Carson Williams,TB,Carson Williams,Carson Williams,106,54,FALSE,1350.085959,93.99099981,34.70963002,28.68022621,49.51939678
656541,1349.628029,61,656541,Sam Hilliard,COL,Sam Hilliard,Sam Hilliard,61,95,FALSE,1349.628029,93.9591194,34.2517001,28.30184321,49.09202748
669911,1348.415933,338,669911,Michael Toglia,COL,Michael Toglia,Michael Toglia,337,54,FALSE,1348.415933,93.87473507,33.03960432,27.30030038,47.96082267
600869,1343.123111,92,600869,Jeimer Candelario,CIN,Jeimer Candelario,Jeimer Candelario,91,10,FALSE,1343.123111,93.50625655,27.7467818,22.92689314,43.02122435
641658,1340.842874,91,641658,Garrett Hampson,STL,Garrett Hampson,Garrett Hampson,91,26,FALSE,1340.842874,93.34750981,25.46654492,21.04275582,40.8931624
642350,1334.952809,36,642350,Jose Siri,NYM,Jose Siri,Jose Siri,36,-11,FALSE,1334.952809,92.93745218,19.57648042,16.1758534,35.39617991
671284,1319.242736,73,671284,Tim Elko,CHW,Tim Elko,Tim Elko,72,41,FALSE,1319.242736,91.84373994,3.866406654,3.194773824,20.73454075
677347,1315.376329,140,677347,Kyren Paris,LAA,Kyren Paris,Kyren Paris,140,78,FALSE,1315.376329,91.57456639,0,0,17.12616436
