player_id,elo,count,MLBID,MLBNAME,TEAM,FANGRAPHSNAME,Name,IP,ERA-,is_qualified,elo_adjusted,elo+,elo_adjusted2,elo+2,elo+_era
695243,1697.583947,235,695243,Mason Miller,SD,Mason Miller,Mason Miller,61.2,63,FALSE,1697.583947,107.9498351,261.0329541,191.9128006,165.6240067
683175,1673.652412,98,683175,Connor Phillips,CIN,Connor Phillips,Connor Phillips,25,65,FALSE,1673.652412,106.428022,237.1014184,174.3182097,149.4880704
669704,1669.385752,105,669704,Kade Strowd,BAL,Kade Strowd,Kade Strowd,26.1,42,FALSE,1669.385752,106.156704,232.8347588,171.1813391,146.6112576
686218,1663.729626,291,686218,Emmet Sheehan,LAD,Emmet Sheehan,Emmet Sheehan,73.1,67,FALSE,1663.729626,105.7970293,227.1786327,167.0229254,142.7975914
547973,1657.275881,228,547973,Aroldis Chapman,BOS,Aroldis Chapman,Aroldis Chapman,61.1,28,FALSE,1657.275881,105.3866339,220.7248882,162.2780985,138.4461276
657006,1657.090735,92,657006,Justin Steele,CHC,Justin Steele,Justin Steele,22.2,115,FALSE,1657.090735,105.3748604,220.5397417,162.1419778,138.3212918
693433,1652.164859,731,693433,Bryan Woo,SEA,Bryan Woo,Bryan Woo,186.2,77,TRUE,1652.164859,105.0616226,215.6138661,158.5204482,135
676477,1649.222133,293,676477,Garrett Whitlock,BOS,Garrett Whitlock,Garrett Whitlock,72,53,FALSE,1649.222133,104.8744938,212.6711398,156.3569404,133.0158547
808967,1646.181111,685,808967,Yoshinobu Yamamoto,LAD,Yoshinobu Yamamoto,Yoshinobu Yamamoto,173.2,59,TRUE,1646.181111,104.6811144,209.6301181,154.1211652,130.9654333
623474,1646.137724,348,623474,Jimmy Herget,COL,Jimmy Herget,Jimmy Herget,83.1,52,FALSE,1646.137724,104.6783554,209.5867311,154.0892669,130.9361795
671922,1644.500797,301,671922,Cade Smith,CLE,Cade Smith,Cade Smith,73.2,72,FALSE,1644.500797,104.5742628,207.9498043,152.8857897,129.8324748
690925,1641.459276,104,690925,Clayton Beeter,WAS,Clayton Beeter,Clayton Beeter,25.1,103,FALSE,1641.459276,104.3808516,204.9082832,150.6496473,127.7817167
660271,1641.067833,187,660271,Shohei Ohtani,LAD,Shohei Ohtani,Shohei Ohtani,47,69,FALSE,1641.067833,104.3559596,204.5168395,150.3618559,127.5177842
660271,1641.067833,187,660271,Shohei Ohtani,LAD,Shohei Ohtani,Shohei Ohtani,47,69,FALSE,1641.067833,104.3559596,204.5168395,150.3618559,127.5177842
445276,1640.978766,234,445276,Kenley Jansen,DET,Kenley Jansen,Kenley Jansen,59,63,FALSE,1640.978766,104.3502958,204.4277729,150.2963737,127.4577307
642207,1640.61062,259,642207,Devin Williams,NYM,Devin Williams,Devin Williams,62,118,FALSE,1640.61062,104.3268853,204.0596269,150.0257108,127.2095068
628452,1640.478446,267,628452,Raisel Iglesias,ATL,Raisel Iglesias,Raisel Iglesias,67.1,76,FALSE,1640.478446,104.3184803,203.9274526,149.9285356,127.1203877
548384,1640.20486,99,548384,Brooks Raley,NYM,Brooks Raley,Brooks Raley,25.2,60,FALSE,1640.20486,104.301083,203.6538672,149.7273941,126.9359216
680694,1638.163948,126,680694,Kyle Bradish,BAL,Kyle Bradish,Kyle Bradish,32,63,FALSE,1638.163948,104.1713008,201.6129551,148.2269048,125.5598282
664875,1638.035323,69,664875,Justin Lawrence,PIT,Justin Lawrence,Justin Lawrence,17.2,12,FALSE,1638.035323,104.1631215,201.4843297,148.1323387,125.473102
605483,1635.628415,256,605483,Blake Snell,LAD,Blake Snell,Blake Snell,61.1,56,FALSE,1635.628415,104.0100655,199.0774215,146.3627672,123.8502343
680885,1634.216981,435,680885,Spencer Schwellenbach,ATL,Spencer Schwellenbach,Spencer Schwellenbach,110.2,73,FALSE,1634.216981,103.920312,197.6659877,145.3250736,122.8985693
552640,1632.103576,208,552640,Andrew Kittredge,BAL,Andrew Kittredge,Andrew Kittredge,53,83,FALSE,1632.103576,103.78592,195.5525825,143.771287,121.4735971
694335,1629.645317,234,694335,Matt Svanson,STL,Matt Svanson,Matt Svanson,60.1,47,FALSE,1629.645317,103.6295987,193.0943243,141.9639626,119.8161064
676979,1628.175428,818,676979,Garrett Crochet,BOS,Garrett Crochet,Garrett Crochet,205.1,61,TRUE,1628.175428,103.536128,191.6244352,140.8832924,118.8250276
696149,1627.496147,124,696149,Bubba Chandler,PIT,Bubba Chandler,Bubba Chandler,31.1,94,FALSE,1627.496147,103.4929324,190.9451541,140.3838814,118.3670196
641745,1627.195432,276,641745,Brad Keller,PHI,Brad Keller,Brad Keller,69.2,50,FALSE,1627.195432,103.4738098,190.6444389,140.162794,118.1642611
670280,1626.144731,252,670280,David Bednar,NYY,David Bednar,David Bednar,62.2,55,FALSE,1626.144731,103.4069955,189.5937383,139.3903134,117.4558219
681870,1624.95241,122,681870,Erik Sabrowski,CLE,Erik Sabrowski,Erik Sabrowski,29.1,45,FALSE,1624.95241,103.3311754,188.4014165,138.5137121,116.651894
607067,1623.837431,664,607067,Colin Rea,CHC,Colin Rea,Colin Rea,159.1,96,FALSE,1623.837431,103.2602736,187.2864374,137.6939737,115.9001148
681911,1623.625867,237,681911,Alex Vesia,LAD,Alex Vesia,Alex Vesia,59.2,72,FALSE,1623.625867,103.2468201,187.0748735,137.5384308,115.757467
678692,1622.059705,303,678692,Ronny Henriquez,MIA,Ronny Henriquez,Ronny Henriquez,73,52,FALSE,1622.059705,103.1472275,185.5087117,136.3869803,114.7014759
682842,1621.04046,299,682842,Abner Uribe,MIL,Abner Uribe,Abner Uribe,75.1,40,FALSE,1621.04046,103.0824134,184.4894671,135.6376264,114.0142461
666142,1620.186497,257,666142,Cole Ragans,KC,Cole Ragans,Cole Ragans,61.2,111,FALSE,1620.186497,103.0281097,183.6355035,135.0097879,113.4384576
663947,1619.786543,312,663947,Tyler Holton,DET,Tyler Holton,Tyler Holton,78.2,89,FALSE,1619.786543,103.0026765,183.2355497,134.7157397,113.1687872
669276,1618.897316,266,669276,Dylan Lee,ATL,Dylan Lee,Dylan Lee,68.1,78,FALSE,1618.897316,102.9461303,182.3463231,134.0619756,112.5692224
664208,1618.449691,250,664208,Phil Maton,CHC,Phil Maton,Phil Maton,61.1,68,FALSE,1618.449691,102.9176657,181.8986977,133.7328791,112.2674092
622491,1618.319037,746,622491,Luis Castillo,SEA,Luis Castillo,Luis Castillo,180.2,92,TRUE,1618.319037,102.9093574,181.7680437,133.6368216,112.1793152
681343,1617.279991,616,681343,Shane Smith,CHW,Shane Smith,Shane Smith,146.1,93,FALSE,1617.279991,102.8432841,180.7289978,132.8729096,111.4787342
686993,1617.061006,267,686993,Justin Sterner,ATH,Justin Sterner,Justin Sterner,65,76,FALSE,1617.061006,102.8293588,180.5100124,132.7119104,111.3310824
673929,1616.781237,269,673929,Jordan Leasure,CHW,Jordan Leasure,Jordan Leasure,64.1,95,FALSE,1616.781237,102.8115683,180.2302443,132.5062234,111.1424476
663687,1616.59084,277,663687,Hogan Harris,ATH,Hogan Harris,Hogan Harris,64.2,76,FALSE,1616.59084,102.7994609,180.0398473,132.3662425,111.0140717
678906,1616.546535,139,678906,Kai-Wei Teng,SF,Kai-Wei Teng,Kai-Wei Teng,29.2,155,FALSE,1616.546535,102.7966435,179.9955416,132.3336687,110.9841984
621053,1616.19394,247,621053,Tyler Ferguson,ATH,Tyler Ferguson,Tyler Ferguson,58,111,FALSE,1616.19394,102.7742219,179.642947,132.0744393,110.74646
661395,1615.984179,287,661395,Jhoan Duran,PHI,Jhoan Duran,Jhoan Duran,70,49,FALSE,1615.984179,102.7608831,179.4331857,131.9202217,110.6050276
605540,1615.763024,257,605540,Brandon Woodruff,MIL,Brandon Woodruff,Brandon Woodruff,64.2,77,FALSE,1615.763024,102.7468198,179.2120307,131.7576274,110.4559129
607455,1615.541378,269,607455,Anthony Banda,LAD,Anthony Banda,Anthony Banda,65,76,FALSE,1615.541378,102.7327253,178.9903849,131.5946722,110.3064673
623352,1614.351874,206,623352,Josh Hader,HOU,Josh Hader,Josh Hader,52.2,50,FALSE,1614.351874,102.6570844,177.8008811,130.7201428,109.5044395
694973,1614.327522,733,694973,Paul Skenes,PIT,Paul Skenes,Paul Skenes,187.2,46,TRUE,1614.327522,102.6555358,177.7765286,130.7022387,109.4880197
668881,1614.086101,420,668881,Hunter Greene,CIN,Hunter Greene,Hunter Greene,107.2,62,FALSE,1614.086101,102.6401838,177.535108,130.524745,109.3252409
605177,1614.048005,143,605177,Andrew Chafin,LAA,Andrew Chafin,Andrew Chafin,33.2,57,FALSE,1614.048005,102.6377613,177.4970122,130.4967368,109.2995547
657097,1614.045232,267,657097,Jacob Webb,TEX,Jacob Webb,Jacob Webb,66,74,FALSE,1614.045232,102.6375849,177.4942386,130.4946976,109.2976845
641755,1613.8192,308,641755,Tyler Kinley,ATL,Tyler Kinley,Tyler Kinley,72.2,83,FALSE,1613.8192,102.6232115,177.2682065,130.3285176,109.1452814
621381,1613.728315,256,621381,Matt Strahm,KC,Matt Strahm,Matt Strahm,62.1,64,FALSE,1613.728315,102.6174321,177.1773218,130.2616987,109.0840021
621345,1613.585175,43,621345,A.J. Minter,NYM,A.J. Minter,A.J. Minter,11,40,FALSE,1613.585175,102.6083298,177.0341821,130.1564617,108.9874896
642121,1613.393629,90,642121,Cole Sulser,TB,Cole Sulser,Cole Sulser,22.2,48,FALSE,1613.393629,102.5961493,176.8426364,130.0156362,108.8583391
687888,1612.715166,212,687888,Brandon Walter,BOS,Brandon Walter,Brandon Walter,53.2,82,FALSE,1612.715166,102.5530056,176.1641725,129.516826,108.400882
663158,1612.633655,269,663158,Robert Suarez,ATL,Robert Suarez,Robert Suarez,69.2,73,FALSE,1612.633655,102.5478224,176.0826621,129.4568991,108.3459233
677955,1612.480139,129,677955,Jaden Hill,COL,Jaden Hill,Jaden Hill,29.1,71,FALSE,1612.480139,102.5380602,175.9291461,129.3440334,108.2424145
643377,1611.820722,283,643377,Griffin Jax,TB,Griffin Jax,Griffin Jax,66,102,FALSE,1611.820722,102.4961277,175.2697286,128.8592262,107.7977995
657649,1611.584405,269,657649,Jared Koenig,MIL,Jared Koenig,Jared Koenig,66,69,FALSE,1611.584405,102.4811003,175.0334122,128.6854851,107.6384623
519141,1611.565776,203,519141,Drew Pomeranz,LAA,Drew Pomeranz,Drew Pomeranz,49.2,53,FALSE,1611.565776,102.4799156,175.0147829,128.6717887,107.6259013
642100,1610.972304,243,642100,Gabe Speier,SEA,Gabe Speier,Gabe Speier,62,68,FALSE,1610.972304,102.4421766,174.4213105,128.2354647,107.2257501
676263,1610.932343,307,676263,Jack Dreyer,LAD,Jack Dreyer,Jack Dreyer,76.1,70,FALSE,1610.932343,102.4396355,174.3813502,128.2060857,107.1988067
608331,1610.38384,801,608331,Max Fried,NYY,Max Fried,Max Fried,195.1,71,TRUE,1610.38384,102.404756,173.8328466,127.8028229,106.8289759
691799,1609.521552,157,691799,Grant Taylor,CHW,Grant Taylor,Grant Taylor,36.2,120,FALSE,1609.521552,102.3499229,172.9705591,127.1688646,106.247575
681217,1609.516418,49,681217,Chase Silseth,LAA,Chase Silseth,Chase Silseth,11,39,FALSE,1609.516418,102.3495964,172.9654253,127.1650903,106.2441136
518886,1609.342174,49,518886,Craig Kimbrel,BAL,Craig Kimbrel,Craig Kimbrel,12,55,FALSE,1609.342174,102.3385161,172.7911805,127.0369845,106.1266283
672282,1609.128267,268,672282,Reid Detmers,LAA,Reid Detmers,Reid Detmers,63.2,95,FALSE,1609.128267,102.3249138,172.5772743,126.8797196,105.9824011
695505,1608.792875,189,695505,Chase Burns,CIN,Chase Burns,Chase Burns,43.1,103,FALSE,1608.792875,102.3035861,172.2418822,126.6331375,105.7562616
519242,1608.779368,514,519242,Chris Sale,ATL,Chris Sale,Chris Sale,125.2,61,FALSE,1608.779368,102.3027272,172.2283746,126.6232067,105.7471541
813349,1608.776228,79,813349,Connelly Early,BOS,Connelly Early,Connelly Early,19.1,55,FALSE,1608.776228,102.3025275,172.2252348,126.6208983,105.7450371
690990,1608.607626,480,690990,Cade Horton,CHC,Cade Horton,Cade Horton,118,65,FALSE,1608.607626,102.2918061,172.0566333,126.4969416,105.6313568
640448,1608.501539,233,640448,Kyle Finnegan,DET,Kyle Finnegan,Kyle Finnegan,57,83,FALSE,1608.501539,102.2850599,171.9505457,126.4189454,105.5598268
668909,1608.335919,704,668909,Gavin Williams,CLE,Gavin Williams,Gavin Williams,167.2,76,TRUE,1608.335919,102.2745281,171.7849258,126.2971808,105.448157
664076,1607.771252,243,664076,Garrett Cleavinger,TB,Garrett Cleavinger,Garrett Cleavinger,61.1,57,FALSE,1607.771252,102.2386208,171.2202584,125.8820343,105.0674276
656730,1607.635944,192,656730,Trevor Megill,MIL,Trevor Megill,Trevor Megill,47,60,FALSE,1607.635944,102.2300165,171.0849511,125.7825557,104.9761961
595345,1607.140893,276,595345,Steven Okert,HOU,Steven Okert,Steven Okert,71.2,74,FALSE,1607.140893,102.1985361,170.5899003,125.4185918,104.6424061
693645,1607.021547,306,693645,Cam Schlittler,NYY,Cam Schlittler,Cam Schlittler,73,73,FALSE,1607.021547,102.1909469,170.4705541,125.3308479,104.5619364
679885,1606.759051,67,679885,Justin Martinez,ARI,Justin Martinez,Justin Martinez,15.1,97,FALSE,1606.759051,102.1742547,170.2080581,125.1378594,104.3849474
665152,1606.040264,709,665152,Dean Kremer,BAL,Dean Kremer,Dean Kremer,171.2,104,TRUE,1606.040264,102.1285468,169.4892706,124.609403,103.900302
642701,1605.510728,272,642701,Dennis Santana,PIT,Dennis Santana,Dennis Santana,70.1,51,FALSE,1605.510728,102.0948734,168.9597347,124.2200854,103.5432602
669923,1605.472387,526,669923,George Kirby,SEA,George Kirby,George Kirby,126,110,FALSE,1605.472387,102.0924353,168.9213939,124.1918971,103.5174088
656794,1605.471539,393,656794,Sean Newcomb,ATH,Sean Newcomb,Sean Newcomb,92.1,64,FALSE,1605.471539,102.0923814,168.9205457,124.1912735,103.5168369
669203,1604.940509,265,669203,Corbin Burnes,ARI,Corbin Burnes,Corbin Burnes,64.1,63,FALSE,1604.940509,102.0586131,168.3895163,123.8008579,103.1587881
676282,1604.464575,402,676282,Joey Cantillo,CLE,Joey Cantillo,Joey Cantillo,95.1,79,FALSE,1604.464575,102.0283483,167.9135823,123.4509487,102.8378876
542888,1604.447016,284,542888,Shawn Armstrong,CLE,Shawn Armstrong,Shawn Armstrong,74,57,FALSE,1604.447016,102.0272317,167.8960225,123.4380387,102.8260479
669711,1604.300691,280,669711,Greg Weissert,BOS,Greg Weissert,Greg Weissert,67,66,FALSE,1604.300691,102.0179269,167.749698,123.3304601,102.727388
642547,1603.940637,723,642547,Freddy Peralta,MIL,Freddy Peralta,Freddy Peralta,176.2,65,TRUE,1603.940637,101.9950309,167.3896438,123.0657464,102.48462
640451,1603.774504,39,640451,Hunter Harvey,CHC,Hunter Harvey,Hunter Harvey,10.2,0,FALSE,1603.774504,101.9844665,167.2235106,122.9436043,102.372604
805123,1603.716672,125,805123,AJ Blubaugh,HOU,AJ Blubaugh,AJ Blubaugh,32,41,FALSE,1603.716672,101.9807889,167.1656791,122.9010863,102.3336109
607192,1603.292209,366,607192,Tyler Glasnow,LAD,Tyler Glasnow,Tyler Glasnow,90.1,76,FALSE,1603.292209,101.9537972,166.7412158,122.5890187,102.0474148
605400,1602.802104,406,605400,Aaron Nola,PHI,Aaron Nola,Aaron Nola,94.1,141,FALSE,1602.802104,101.9226313,166.2511112,122.2286912,101.7169597
669387,1602.5811,420,669387,Carmen Mlodzinski,PIT,Carmen Mlodzinski,Carmen Mlodzinski,99,83,FALSE,1602.5811,101.9085776,166.0301069,122.0662077,101.5679467
683769,1602.538826,275,683769,Hunter Gaddis,CLE,Hunter Gaddis,Hunter Gaddis,66.2,77,FALSE,1602.538826,101.9058893,165.9878324,122.0351273,101.5394429
676206,1602.412764,28,676206,Freddy Tarnok,MIA,Freddy Tarnok,Freddy Tarnok,7.1,58,FALSE,1602.412764,101.897873,165.8617704,121.9424458,101.4544451
663554,1601.758767,629,663554,Casey Mize,DET,Casey Mize,Casey Mize,149,94,FALSE,1601.758767,101.8562852,165.2077735,121.4616238,101.0134849
672456,1601.435786,390,672456,Keider Montero,DET,Keider Montero,Keider Montero,90.2,106,FALSE,1601.435786,101.8357468,164.8847932,121.2241671,100.7957142
694477,1601.123168,505,694477,Chad Patrick,MIL,Chad Patrick,Chad Patrick,119.2,85,FALSE,1601.123168,101.8158673,164.5721751,120.9943285,100.5849301
607536,1600.850186,709,607536,Kyle Freeland,COL,Kyle Freeland,Kyle Freeland,162.2,104,TRUE,1600.850186,101.7985083,164.2991927,120.7936305,100.4008706
680736,1600.702222,280,680736,Justin Wrobleski,LAD,Justin Wrobleski,Justin Wrobleski,66.2,103,FALSE,1600.702222,101.7890992,164.1512293,120.684847,100.3011057
543135,1600.219623,496,543135,Nathan Eovaldi,TEX,Nathan Eovaldi,Nathan Eovaldi,130,43,FALSE,1600.219623,101.7584106,163.6686295,120.3300371,99.9757108
663969,1600.120496,313,663969,Tyler Phillips,MIA,Tyler Phillips,Tyler Phillips,77.2,65,FALSE,1600.120496,101.7521071,163.5695032,120.2571589,99.9088745
670955,1599.80351,323,670955,Edwin Uceta,TB,Edwin Uceta,Edwin Uceta,76,92,FALSE,1599.80351,101.7319498,163.2525164,120.0241085,99.69514483
595928,1599.59887,141,595928,John Curtiss,COL,John Curtiss,John Curtiss,36.2,92,FALSE,1599.59887,101.7189367,163.0478767,119.8736564,99.55716569
686973,1599.538822,296,686973,Louis Varland,TOR,Louis Varland,Louis Varland,72.2,73,FALSE,1599.538822,101.7151183,162.9878293,119.8295092,99.51667848
594798,1599.491695,671,594798,Jacob deGrom,TEX,Jacob deGrom,Jacob deGrom,172.2,74,TRUE,1599.491695,101.7121215,162.940702,119.794861,99.48490273
689266,1599.261313,137,689266,Dylan Dodd,ATL,Dylan Dodd,Dylan Dodd,35,85,FALSE,1599.261313,101.6974714,162.7103203,119.6254832,99.32956692
656464,1598.926955,121,656464,Kevin Ginkel,ARI,Kevin Ginkel,Kevin Ginkel,25.2,173,FALSE,1598.926955,101.6762095,162.3759619,119.3796611,99.10412435
663465,1598.204802,267,663465,Kolby Allard,CLE,Kolby Allard,Kolby Allard,65,65,FALSE,1598.204802,101.6302876,161.6538091,118.8487305,98.61720986
669194,1597.862483,619,669194,Ryne Nelson,ARI,Ryne Nelson,Ryne Nelson,154,80,FALSE,1597.862483,101.6085194,161.3114896,118.5970554,98.38639951
669622,1597.833872,205,669622,Anthony Bender,MIA,Anthony Bender,Anthony Bender,50,51,FALSE,1597.833872,101.6067001,161.2828793,118.576021,98.36710894
664141,1597.664158,117,664141,JT Brubaker,NYY,JT Brubaker,JT Brubaker,28.2,92,FALSE,1597.664158,101.5959079,161.1131646,118.4512458,98.25267809
681810,1597.191092,34,681810,Austin Warren,NYM,Austin Warren,Austin Warren,9.1,24,FALSE,1597.191092,101.5658255,160.6400991,118.1034456,97.93371176
606996,1596.894676,179,606996,Kyle Hart,SD,Kyle Hart,Kyle Hart,43,145,FALSE,1596.894676,101.5469763,160.3436826,117.8855187,97.73385173
676760,1596.821428,42,676760,Ron Marinaccio,SD,Ron Marinaccio,Ron Marinaccio,10.2,21,FALSE,1596.821428,101.5423185,160.2704352,117.8316668,97.68446433
571946,1596.803543,186,571946,Shelby Miller,MIL,Shelby Miller,Shelby Miller,46,65,FALSE,1596.803543,101.5411811,160.2525495,117.8185171,97.6724048
657044,1596.474252,176,657044,Ryan Thompson,ARI,Ryan Thompson,Ryan Thompson,41.1,92,FALSE,1596.474252,101.5202414,159.9232587,117.5764208,97.45037914
699134,1596.424894,31,699134,Bradgley Rodriguez,SD,Bradgley Rodriguez,Bradgley Rodriguez,7.2,29,FALSE,1596.424894,101.5171027,159.8739006,117.5401324,97.41709923
686752,1596.204549,681,686752,Ryan Pepiot,TB,Ryan Pepiot,Ryan Pepiot,167.2,94,TRUE,1596.204549,101.5030909,159.6535558,117.3781338,97.26853084
689147,1595.974894,266,689147,Orion Kerkering,PHI,Orion Kerkering,Orion Kerkering,60,77,FALSE,1595.974894,101.4884871,159.4239004,117.2092899,97.11368476
660825,1595.887609,313,660825,Eduard Bazardo,SEA,Eduard Bazardo,Eduard Bazardo,78.2,66,FALSE,1595.887609,101.4829366,159.3366156,117.1451177,97.05483266
667297,1595.745383,126,667297,Tommy Nance,TOR,Tommy Nance,Tommy Nance,31.2,49,FALSE,1595.745383,101.4738924,159.1943899,117.0405526,96.95893636
666157,1595.687083,642,666157,Nick Lodolo,CIN,Nick Lodolo,Nick Lodolo,156.2,75,FALSE,1595.687083,101.4701851,159.1360895,116.9976899,96.9196271
665660,1595.289739,184,665660,Elvis Alvarado,ATH,Elvis Alvarado,Elvis Alvarado,42.1,76,FALSE,1595.289739,101.4449179,158.7387458,116.7055607,96.65171647
676879,1595.182662,270,676879,Aaron Ashby,MIL,Aaron Ashby,Aaron Ashby,66.2,52,FALSE,1595.182662,101.4381089,158.6316693,116.6268375,96.5795197
669438,1594.720215,185,669438,Mason Englert,DET,Mason Englert,Mason Englert,44.2,93,FALSE,1594.720215,101.4087017,158.1692218,116.2868436,96.26771255
680755,1594.640662,203,680755,Braydon Fisher,TOR,Braydon Fisher,Braydon Fisher,50,66,FALSE,1594.640662,101.403643,158.0896693,116.2283562,96.21407396
650556,1594.624543,297,650556,Bryan Abreu,HOU,Bryan Abreu,Bryan Abreu,71,56,FALSE,1594.624543,101.4026179,158.0735501,116.2165053,96.20320551
656222,1594.094218,232,656222,Jalen Beeks,PIT,Jalen Beeks,Jalen Beeks,57.1,89,FALSE,1594.094218,101.3688944,157.5432245,115.8266071,95.84563131
669358,1594.077502,712,669358,Shane Baz,BAL,Shane Baz,Shane Baz,166.1,118,TRUE,1594.077502,101.3678314,157.5265088,115.8143177,95.83436071
592791,1593.776272,520,592791,Jameson Taillon,CHC,Jameson Taillon,Jameson Taillon,129.2,89,FALSE,1593.776272,101.3486761,157.2252789,115.5928518,95.63125517
668941,1593.462155,256,668941,JoJo Romero,STL,JoJo Romero,JoJo Romero,61,50,FALSE,1593.462155,101.3287014,156.9111621,115.3619115,95.41946064
701656,1592.799209,99,701656,Logan Henderson,MIL,Logan Henderson,Logan Henderson,25.1,43,FALSE,1592.799209,101.2865444,156.2482157,114.8745098,94.9724663
657277,1592.401826,857,657277,Logan Webb,SF,Logan Webb,Logan Webb,207,78,TRUE,1592.401826,101.2612747,155.8508327,114.5823517,94.70452917
554430,1592.389675,587,554430,Zack Wheeler,PHI,Zack Wheeler,Zack Wheeler,149.2,63,FALSE,1592.389675,101.2605021,155.8386821,114.5734186,94.69633662
690953,1592.19973,174,690953,Mick Abel,MIN,Mick Abel,Mick Abel,39,148,FALSE,1592.19973,101.2484234,155.6487367,114.4337697,94.56826514
702070,1592.009098,557,702070,Noah Cameron,KC,Noah Cameron,Noah Cameron,138.1,71,FALSE,1592.009098,101.2363011,155.4581053,114.2936166,94.43973116
801403,1591.943159,442,801403,Chase Dollander,COL,Chase Dollander,Chase Dollander,98,136,FALSE,1591.943159,101.232108,155.392166,114.2451376,94.39527128
677944,1591.80681,545,677944,Slade Cecconi,CLE,Slade Cecconi,Slade Cecconi,132,106,FALSE,1591.80681,101.2234375,155.2558171,114.1448932,94.30333751
683618,1591.799123,79,683618,Edgardo Henriquez,LAD,Edgardo Henriquez,Edgardo Henriquez,19,57,FALSE,1591.799123,101.2229487,155.2481303,114.1392418,94.2981546
656986,1591.598693,199,656986,Bennett Sousa,HOU,Bennett Sousa,Bennett Sousa,50.2,70,FALSE,1591.598693,101.2102033,155.0476996,113.9918841,94.1630134
608650,1591.281229,201,608650,Dietrich Enns,BAL,Dietrich Enns,Dietrich Enns,46.1,100,FALSE,1591.281229,101.1900157,154.730236,113.7584832,93.94896228
666808,1591.17243,278,666808,Camilo Doval,NYY,Camilo Doval,Camilo Doval,65.1,88,FALSE,1591.17243,101.1830971,154.6214373,113.6784938,93.87560429
661403,1591.171228,201,661403,Emmanuel Clase,CLE,Emmanuel Clase,Emmanuel Clase,47.1,80,FALSE,1591.171228,101.1830207,154.6202351,113.67761,93.87479372
685107,1591.023697,117,685107,Anthony Veneziano,MIA,Anthony Veneziano,Anthony Veneziano,25,110,FALSE,1591.023697,101.1736391,154.4727043,113.5691445,93.77532047
592094,1590.956054,270,592094,Jason Adam,SD,Jason Adam,Jason Adam,65.1,48,FALSE,1590.956054,101.1693377,154.4050612,113.519413,93.72971184
680742,1590.839515,181,680742,Jonathan Bowlan,KC,Jonathan Bowlan,Jonathan Bowlan,44.1,91,FALSE,1590.839515,101.161927,154.2885222,113.4337329,93.65113494
477132,1590.745431,463,477132,Clayton Kershaw,LAD,Clayton Kershaw,Clayton Kershaw,112.2,80,FALSE,1590.745431,101.1559441,154.1944382,113.3645618,93.58769842
641778,1590.559802,427,641778,Eric Lauer,TOR,Eric Lauer,Eric Lauer,104.2,78,FALSE,1590.559802,101.1441399,154.0088089,113.2280862,93.46253707
663574,1590.535302,301,663574,Tony Santillan,CIN,Tony Santillan,Tony Santillan,73.2,55,FALSE,1590.535302,101.142582,153.984309,113.2100738,93.44601795
690997,1590.234192,188,690997,Nolan McLean,NYM,Nolan McLean,Nolan McLean,48,51,FALSE,1590.234192,101.1234343,153.6831985,112.9886957,93.24299295
676962,1590.144801,472,676962,Ben Brown,CHC,Ben Brown,Ben Brown,106.1,143,FALSE,1590.144801,101.1177499,153.5938078,112.9229752,93.1827209
664126,1590.064009,244,664126,Pete Fairbanks,MIA,Pete Fairbanks,Pete Fairbanks,60.1,69,FALSE,1590.064009,101.1126123,153.5130162,112.8635768,93.12824681
676440,1589.663181,763,676440,Tanner Bibee,CLE,Tanner Bibee,Tanner Bibee,182.1,105,TRUE,1589.663181,101.0871235,153.1121881,112.5688859,92.85798684
669373,1589.46445,750,669373,Tarik Skubal,DET,Tarik Skubal,Tarik Skubal,195.1,54,TRUE,1589.46445,101.0744862,152.9134573,112.4227779,92.72399174
683004,1588.793229,646,683004,Jack Leiter,TEX,Jack Leiter,Jack Leiter,151.2,95,FALSE,1588.793229,101.031803,152.2422357,111.9292922,92.27141782
596112,1588.425472,42,596112,Robert Stephenson,LAA,Robert Stephenson,Robert Stephenson,10,65,FALSE,1588.425472,101.0084173,151.8744793,111.6589159,92.02345661
656427,1587.647195,681,656427,Jack Flaherty,DET,Jack Flaherty,Jack Flaherty,161,113,FALSE,1587.647195,100.9589264,151.0962019,111.0867222,91.49869982
596001,1587.393383,275,596001,Jake Junis,CLE,Jakob Junis,Jakob Junis,66.2,73,FALSE,1587.393383,100.9427864,150.84239,110.9001183,91.3275661
686613,1587.002382,731,686613,Hunter Brown,HOU,Hunter Brown,Hunter Brown,185.1,60,TRUE,1587.002382,100.9179226,150.4513887,110.6126521,91.06393189
663485,1586.998747,299,663485,Cole Sands,MIN,Cole Sands,Cole Sands,72,109,FALSE,1586.998747,100.9176914,150.4477537,110.6099797,91.06148101
669093,1586.933072,304,669093,Jeremiah Estrada,SD,Jeremiah Estrada,Jeremiah Estrada,73,85,FALSE,1586.933072,100.9135152,150.3820792,110.5616955,91.01719971
605488,1586.744078,714,605488,Jeffrey Springs,ATH,Jeffrey Springs,Jeffrey Springs,171,97,TRUE,1586.744078,100.9014969,150.1930846,110.4227456,90.88976931
606160,1586.489371,254,606160,Rafael Montero,DET,Rafael Montero,Rafael Montero,60.1,107,FALSE,1586.489371,100.8853001,149.9383777,110.2354837,90.71803211
697812,1586.302223,35,697812,Joe Rock,TB,Joe Rock,Joe Rock,7.2,57,FALSE,1586.302223,100.8733993,149.75123,110.0978918,90.59184704
688158,1586.015813,193,688158,David Morgan,SD,David Morgan,David Morgan,47.1,66,FALSE,1586.015813,100.8551864,149.4648197,109.8873214,90.39873367
676684,1585.107195,284,676684,Will Vest,DET,Will Vest,Will Vest,68.2,73,FALSE,1585.107195,100.7974071,148.5562021,109.219301,89.78609456
606965,1584.953911,65,606965,Chris Devenski,NYM,Chris Devenski,Chris Devenski,16.2,53,FALSE,1584.953911,100.7876597,148.402918,109.1066057,89.68274209
680732,1584.728029,598,680732,Sean Burke,CHW,Sean Burke,Sean Burke,134.1,103,FALSE,1584.728029,100.7732958,148.1770358,108.9405359,89.5304401
668933,1584.686208,284,668933,Graham Ashcraft,CIN,Graham Ashcraft,Graham Ashcraft,65.1,90,FALSE,1584.686208,100.7706364,148.1352151,108.9097891,89.50224232
607259,1584.484514,685,607259,Nick Martinez,CIN,Nick Martinez,Nick Martinez,165.2,101,TRUE,1584.484514,100.7578106,147.9335208,108.7615024,89.36624911
657514,1584.008048,225,657514,Brennan Bernardino,BOS,Brennan Bernardino,Brennan Bernardino,51.2,73,FALSE,1584.008048,100.727512,147.4570546,108.411202,89.04498983
681517,1583.900682,364,681517,Kyle Leahy,STL,Kyle Leahy,Kyle Leahy,88,75,FALSE,1583.900682,100.7206846,147.3496888,108.3322661,88.97259803
675848,1583.864014,261,675848,Juan Mejia,COL,Juan Mejia,Juan Mejia,61.1,83,FALSE,1583.864014,100.7183529,147.3130211,108.3053078,88.94787466
680704,1583.756655,69,680704,Nick Sandlin,TOR,Nick Sandlin,Nick Sandlin,16.1,54,FALSE,1583.756655,100.7115259,147.2056616,108.2263765,88.87548705
664299,1583.452323,158,664299,Cristian Javier,HOU,Cristian Javier,Cristian Javier,37,113,FALSE,1583.452323,100.6921733,146.9013294,108.0026299,88.67028986
622663,1583.300054,706,622663,Luis Severino,ATH,Luis Severino,Luis Severino,162.2,108,TRUE,1583.300054,100.6824905,146.7490605,107.890681,88.56762188
645261,1583.223855,745,645261,Sandy Alcantara,MIA,Sandy Alcantara,Sandy Alcantara,174.2,126,TRUE,1583.223855,100.677645,146.6728622,107.8346596,88.51624487
676428,1583.216855,277,676428,Brant Hurter,DET,Brant Hurter,Brant Hurter,63,59,FALSE,1583.216855,100.6771999,146.6658622,107.8295132,88.51152512
650644,1583.165416,436,650644,Aaron Civale,CHC,Aaron Civale,Aaron Civale,102,118,FALSE,1583.165416,100.6739288,146.6144226,107.7916945,88.47684171
676083,1583.146148,448,676083,Janson Junk,MIA,Janson Junk,Janson Junk,110,98,FALSE,1583.146148,100.6727036,146.5951549,107.7775288,88.46385041
665795,1583.021181,583,665795,Edward Cabrera,CHC,Edward Cabrera,Edward Cabrera,137.2,83,FALSE,1583.021181,100.6647569,146.4701881,107.6856525,88.37959103
815083,1582.75458,107,815083,Mitch Farris,LAA,Mitch Farris,Mitch Farris,24.1,161,FALSE,1582.75458,100.6478037,146.203587,107.489646,88.19983414
674841,1582.733996,98,674841,Andrew Alvarez,WAS,Andrew Alvarez,Andrew Alvarez,23.1,55,FALSE,1582.733996,100.6464947,146.1830025,107.4745122,88.18595498
671212,1582.602142,226,671212,Joe Boyle,TB,Joe Boyle,Joe Boyle,52,113,FALSE,1582.602142,100.6381101,146.0511484,107.3775723,88.0970518
519326,1582.542357,91,519326,Hunter Strickland,LAA,Hunter Strickland,Hunter Strickland,22,79,FALSE,1582.542357,100.6343083,145.9913638,107.3336184,88.05674178
669947,1582.303329,38,669947,Jesse Scholtens,TB,Jesse Scholtens,Jesse Scholtens,8.1,131,FALSE,1582.303329,100.6191085,145.7523354,107.1578834,87.8955759
669684,1582.222783,148,669684,Chris Murphy,BOS,Chris Murphy,Chris Murphy,34.2,73,FALSE,1582.222783,100.6139866,145.67179,107.098666,87.84126784
579328,1582.171245,773,579328,Yusei Kikuchi,LAA,Yusei Kikuchi,Yusei Kikuchi,178.1,96,TRUE,1582.171245,100.6107092,145.6202521,107.0607751,87.8065182
671109,1581.739218,78,671109,Jake Eder,WAS,Jake Eder,Jake Eder,18.1,118,FALSE,1581.739218,100.5832365,145.188225,106.7431465,87.51522215
663893,1581.217645,298,663893,Brendon Little,TOR,Brendon Little,Brendon Little,68.1,74,FALSE,1581.217645,100.5500696,144.6666522,106.3596835,87.16354957
657746,1581.05186,693,657746,Joe Ryan,MIN,Joe Ryan,Joe Ryan,171,83,TRUE,1581.05186,100.5395272,144.5008664,106.2377969,87.0517678
693821,1580.416476,679,693821,Bryce Elder,ATL,Bryce Elder,Bryce Elder,156.1,125,FALSE,1580.416476,100.499123,143.8654832,105.7706598,86.62335807
621383,1580.364825,267,621383,Tanner Banks,PHI,Tanner Banks,Tanner Banks,67.1,72,FALSE,1580.364825,100.4958385,143.813832,105.7326856,86.58853203
680767,1580.353677,216,680767,Victor Vodnik,COL,Victor Vodnik,Victor Vodnik,50.2,63,FALSE,1580.353677,100.4951296,143.8026834,105.724489,86.58101503
686790,1580.275701,60,686790,Trevor McDonald,SF,Trevor McDonald,Trevor McDonald,15,44,FALSE,1580.275701,100.4901711,143.7247079,105.667161,86.52843971
656457,1580.201834,215,656457,Tyler Gilbert,CHW,Tyler Gilbert,Tyler Gilbert,51,95,FALSE,1580.201834,100.4854738,143.6508405,105.6128533,86.47863434
543294,1580.049446,695,543294,Kyle Hendricks,LAA,Kyle Hendricks,Kyle Hendricks,164.2,115,TRUE,1580.049446,100.4757835,143.4984531,105.5008173,86.37588652
676617,1579.859589,200,676617,Riley O'Brien,STL,Riley O'Brien,Riley O'Brien,48,50,FALSE,1579.859589,100.4637104,143.3085963,105.3612336,86.24787476
689017,1579.818871,185,689017,Landon Knack,LAD,Landon Knack,Landon Knack,42.1,117,FALSE,1579.818871,100.4611211,143.2678779,105.3312972,86.2204202
663671,1579.61843,127,663671,Nic Enright,CLE,Nic Enright,Nic Enright,31,50,FALSE,1579.61843,100.448375,143.0674366,105.1839318,86.08527189
592779,1579.561966,159,592779,Brock Stewart,LAD,Brock Stewart,Brock Stewart,37.2,64,FALSE,1579.561966,100.4447844,143.0109725,105.142419,86.04720068
668390,1579.313477,163,668390,Cole Winn,TEX,Cole Winn,Cole Winn,41.2,37,FALSE,1579.313477,100.428983,142.7624842,104.9597291,85.87965642
676534,1579.308057,256,676534,Calvin Faucher,MIA,Calvin Faucher,Calvin Faucher,60.1,77,FALSE,1579.308057,100.4286383,142.7570636,104.9557439,85.87600161
669456,1579.305665,159,669456,Shane Bieber,TOR,Shane Bieber,Shane Bieber,40.1,88,FALSE,1579.305665,100.4284862,142.754672,104.9539855,85.87438901
681916,1579.077461,48,681916,Dylan Smith,DET,Dylan Smith,Dylan Smith,13,34,FALSE,1579.077461,100.4139747,142.5264681,104.7862088,85.7205216
682847,1579.028722,382,682847,Luis Ortiz,CLE,Luis Ortiz,Luis Ortiz,88.2,108,FALSE,1579.028722,100.4108754,142.4777293,104.7503758,85.68765931
605507,1578.946231,12,605507,Zach Thompson,TOR,Zach Thompson,Zach Thompson,3.2,0,FALSE,1578.946231,100.4056297,142.3952375,104.6897274,85.63203883
678022,1578.905222,161,678022,Jack Perkins,ATH,Jack Perkins,Jack Perkins,38.2,99,FALSE,1578.905222,100.4030219,142.3542284,104.6595773,85.60438832
685314,1578.86138,113,685314,Andrew Saalfrank,ARI,Andrew Saalfrank,Andrew Saalfrank,29,29,FALSE,1578.86138,100.400234,142.3103873,104.6273451,85.57482827
656271,1578.758597,258,656271,Brock Burke,LAA,Brock Burke,Brock Burke,61.2,81,FALSE,1578.758597,100.393698,142.207604,104.5517783,85.5055262
656186,1578.421496,121,656186,Dan Altavilla,CHW,Dan Altavilla,Dan Altavilla,29,60,FALSE,1578.421496,100.3722616,141.8705028,104.3039397,85.27823433
601713,1578.028837,722,601713,Nick Pivetta,SD,Nick Pivetta,Nick Pivetta,181.2,71,TRUE,1578.028837,100.3472924,141.477844,104.0152549,85.01348253
593958,1577.924777,695,593958,Eduardo Rodriguez,ARI,Eduardo Rodriguez,Eduardo Rodriguez,154.1,118,FALSE,1577.924777,100.3406752,141.3737841,103.9387495,84.94331969
806188,1577.034568,231,806188,Cade Gibson,MIA,Cade Gibson,Cade Gibson,54.2,62,FALSE,1577.034568,100.2840665,140.4835752,103.2842633,84.34309273
670970,1576.883926,286,670970,Adrian Morejon,SD,Adrian Morejon,Adrian Morejon,73.2,51,FALSE,1576.883926,100.2744872,140.3329332,103.1735105,84.24152171
670174,1576.873271,52,670174,Josh Winckowski,BOS,Josh Winckowski,Josh Winckowski,11.2,90,FALSE,1576.873271,100.2738096,140.3222778,103.1656766,84.23433728
664294,1576.711552,69,664294,Dauri Moreta,PIT,Dauri Moreta,Dauri Moreta,16.2,76,FALSE,1576.711552,100.2635259,140.1605593,103.0467803,84.12529792
640462,1576.710549,35,640462,A.J. Puk,ARI,A.J. Puk,A.J. Puk,8,79,FALSE,1576.710549,100.2634621,140.1595561,103.0460427,84.12462151
472610,1576.613262,234,472610,Luis Garcia,LAA,Luis Garcia,Luis Garcia,7.2,86,FALSE,1576.613262,100.2572755,140.0622686,102.9745164,84.05902499
678024,1576.523718,424,678024,Mike Vasil,CHW,Mike Vasil,Mike Vasil,101,61,FALSE,1576.523718,100.2515814,139.9727244,102.9086831,83.99864947
621112,1576.102236,175,621112,Paul Blackburn,NYM,Paul Blackburn,Paul Blackburn,39,153,FALSE,1576.102236,100.2247793,139.551243,102.5988077,83.71446391
641329,1576.03028,275,641329,Bryan Baker,TB,Bryan Baker,Bryan Baker,68.2,99,FALSE,1576.03028,100.2202035,139.4792866,102.545905,83.665947
664199,1575.866764,207,664199,Taylor Clarke,KC,Taylor Clarke,Taylor Clarke,55.1,77,FALSE,1575.866764,100.2098055,139.3157705,102.4256871,83.55569559
573204,1575.646497,220,573204,Caleb Thielbar,CHC,Caleb Thielbar,Caleb Thielbar,58,64,FALSE,1575.646497,100.1957987,139.0955035,102.2637456,83.40717962
669062,1575.606554,128,669062,Erik Miller,SF,Erik Miller,Erik Miller,30,37,FALSE,1575.606554,100.1932587,139.0555604,102.2343793,83.38024788
641401,1575.547892,201,641401,Connor Brogdon,LAA,Connor Brogdon,Connor Brogdon,47,134,FALSE,1575.547892,100.1895284,138.9968991,102.1912512,83.34069522
671737,1575.522722,605,671737,Taj Bradley,MIN,Taj Bradley,Taj Bradley,142.2,122,FALSE,1575.522722,100.1879278,138.9717289,102.1727459,83.32372414
669432,1575.41599,423,669432,Trevor Rogers,BAL,Trevor Rogers,Trevor Rogers,109.2,45,FALSE,1575.41599,100.1811407,138.8649973,102.0942763,83.2517599
701581,1575.346879,229,701581,David Festa,MIN,David Festa,David Festa,53.1,131,FALSE,1575.346879,100.1767459,138.7958858,102.0434652,83.20516121
677651,1575.060431,27,677651,Luis Garcia,HOU,Luis Garcia,Luis Garcia,7.2,86,FALSE,1575.060431,100.1585306,138.509438,101.8328672,83.01202259
543518,1575.001184,75,543518,Scott McGough,ARI,Scott McGough,Scott McGough,16,160,FALSE,1575.001184,100.1547631,138.4501913,101.7893087,82.97207522
669302,1574.95409,535,669302,Logan Gilbert,SEA,Logan Gilbert,Logan Gilbert,131,90,FALSE,1574.95409,100.1517683,138.4030965,101.7546844,82.94032141
669372,1574.816442,392,669372,J.T. Ginn,ATH,J.T. Ginn,J.T. Ginn,90.1,121,FALSE,1574.816442,100.1430153,138.2654492,101.6534854,82.84751214
806960,1574.718872,200,806960,Luis Morales,ATH,Luis Morales,Luis Morales,48.2,75,FALSE,1574.718872,100.1368108,138.167879,101.5817513,82.78172505
656302,1574.670791,722,656302,Dylan Cease,TOR,Dylan Cease,Dylan Cease,168,112,TRUE,1574.670791,100.1337533,138.1197981,101.5464019,82.74930631
694297,1574.651561,767,694297,Brandon Pfaadt,ARI,Brandon Pfaadt,Brandon Pfaadt,176.2,123,TRUE,1574.651561,100.1325304,138.1005674,101.5322634,82.7363399
592454,1574.585093,267,592454,Tommy Kahnle,DET,Tommy Kahnle,Tommy Kahnle,63,108,FALSE,1574.585093,100.1283037,138.0340995,101.4833958,82.69152363
656546,1574.478935,288,656546,Jeff Hoffman,TOR,Jeff Hoffman,Jeff Hoffman,68,107,FALSE,1574.478935,100.1215531,137.9279414,101.4053478,82.61994609
669854,1574.453457,199,669854,Ronel Blanco,HOU,Ronel Blanco,Ronel Blanco,48.1,101,FALSE,1574.453457,100.119933,137.9024643,101.3866169,82.60276806
676571,1574.117453,110,676571,PJ Poulin,WAS,PJ Poulin,PJ Poulin,24.2,87,FALSE,1574.117453,100.0985664,137.5664598,101.1395847,82.37621566
605280,1574.070574,710,605280,Clay Holmes,NYM,Clay Holmes,Clay Holmes,165.2,87,TRUE,1574.070574,100.0955853,137.5195806,101.1051188,82.34460718
669022,1574.061703,681,669022,MacKenzie Gore,WAS,MacKenzie Gore,MacKenzie Gore,159.2,99,FALSE,1574.061703,100.0950212,137.5107099,101.098597,82.33862605
642152,1574.059108,207,642152,Lou Trivino,SF,Lou Trivino,Lou Trivino,47.2,95,FALSE,1574.059108,100.0948562,137.508115,101.0966892,82.33687642
666171,1573.964182,256,666171,Ryan Zeferjahn,LAA,Ryan Zeferjahn,Ryan Zeferjahn,57,114,FALSE,1573.964182,100.0888198,137.413189,101.0268991,82.27287217
685801,1573.866196,60,685801,Hunter Bigge,TB,Hunter Bigge,Hunter Bigge,15,58,FALSE,1573.866196,100.0825889,137.3152031,100.9548594,82.20680481
664854,1573.734523,253,664854,Ryan Helsley,BAL,Ryan Helsley,Ryan Helsley,56,110,FALSE,1573.734523,100.0742158,137.1835303,100.8580529,82.11802389
694462,1573.190841,230,694462,Hurston Waldrep,ATL,Hurston Waldrep,Hurston Waldrep,56.1,68,FALSE,1573.190841,100.0396429,136.6398481,100.4583349,81.75144393
674370,1573.048677,363,674370,Osvaldo Bido,ATH,Osvaldo Bido,Osvaldo Bido,79.2,139,FALSE,1573.048677,100.0306026,136.4976837,100.3538148,81.65558895
677952,1572.699103,293,677952,Braxton Ashcraft,PIT,Braxton Ashcraft,Braxton Ashcraft,69.2,63,FALSE,1572.699103,100.0083731,136.1481097,100.0968062,81.41988725
596133,1572.693423,262,596133,Luke Weaver,NYM,Luke Weaver,Luke Weaver,64.2,89,FALSE,1572.693423,100.0080119,136.1424302,100.0926306,81.41605787
663455,1572.645366,123,663455,Konnor Pilkington,WAS,Konnor Pilkington,Konnor Pilkington,28.1,106,FALSE,1572.645366,100.0049559,136.0943726,100.0572984,81.3836548
693313,1572.474018,156,693313,Carson Seymour,SF,Carson Seymour,Carson Seymour,36,116,FALSE,1572.474018,99.99405989,135.9230251,99.93132282,81.26812305
663423,1572.397539,180,663423,Trent Thornton,SEA,Trent Thornton,Trent Thornton,42.1,122,FALSE,1572.397539,99.98919653,135.8465456,99.87509467,81.21655642
663436,1572.129555,602,663436,Davis Martin,CHW,Davis Martin,Davis Martin,142.2,100,FALSE,1572.129555,99.97215539,135.5785622,99.67807186,81.0358675
641927,1572.126494,626,641927,Bailey Ober,MIN,Bailey Ober,Bailey Ober,146.1,124,FALSE,1572.126494,99.9719607,135.5755004,99.67582087,81.03380312
641793,1572.082361,760,641793,Zack Littell,CIN,Zack Littell,Zack Littell,186.2,90,TRUE,1572.082361,99.96915428,135.5313676,99.64337416,81.00404636
681867,1571.847512,80,681867,Cooper Criswell,BOS,Cooper Criswell,Cooper Criswell,17.2,84,FALSE,1571.847512,99.9542202,135.2965192,99.47071239,80.84569888
592426,1571.709551,219,592426,Luke Jackson,DET,Luke Jackson,Luke Jackson,51,101,FALSE,1571.709551,99.94544724,135.1585584,99.36928286,80.75267821
670912,1571.583046,171,670912,Johan Oviedo,BOS,Johan Oviedo,Johan Oviedo,40.1,83,FALSE,1571.583046,99.93740273,135.032053,99.27627546,80.66738146
621111,1571.423932,566,621111,Walker Buehler,PHI,Walker Buehler,Walker Buehler,126,115,FALSE,1571.423932,99.92728459,134.8729384,99.15929359,80.56009781
666711,1571.408673,86,666711,Joel Peguero,SF,Joel Peguero,Joel Peguero,22.1,59,FALSE,1571.408673,99.92631429,134.8576799,99.14807543,80.54980967
656288,1571.407098,328,656288,Griffin Canning,NYM,Griffin Canning,Griffin Canning,76.1,93,FALSE,1571.407098,99.92621412,134.8561047,99.14691733,80.54874758
664285,1571.383618,803,664285,Framber Valdez,HOU,Framber Valdez,Framber Valdez,192,90,TRUE,1571.383618,99.92472103,134.8326248,99.12965481,80.53291619
608337,1571.37462,616,608337,Lucas Giolito,BOS,Lucas Giolito,Lucas Giolito,145,80,FALSE,1571.37462,99.92414883,134.8236266,99.12303927,80.5268491
669461,1571.180711,649,669461,Matthew Liberatore,STL,Matthew Liberatore,Matthew Liberatore,151.2,102,FALSE,1571.180711,99.91181809,134.6297174,98.98047622,80.39610504
681347,1571.081205,403,681347,Mike Burrows,HOU,Mike Burrows,Mike Burrows,96,92,FALSE,1571.081205,99.90549053,134.5302123,98.9073195,80.32901328
518585,1570.991518,201,518585,Fernando Cruz,NYY,Fernando Cruz,Fernando Cruz,48,88,FALSE,1570.991518,99.89978731,134.4405252,98.84138111,80.26854141
664062,1570.959404,158,664062,Tony Gonsolin,LAD,Tony Gonsolin,Tony Gonsolin,36,119,FALSE,1570.959404,99.89774513,134.4084106,98.81777029,80.24688801
672391,1570.647985,194,672391,Kaleb Ort,HOU,Kaleb Ort,Kaleb Ort,46,120,FALSE,1570.647985,99.87794193,134.0969919,98.58881363,80.03691268
676106,1570.576217,387,676106,Emerson Hancock,SEA,Emerson Hancock,Emerson Hancock,90,128,FALSE,1570.576217,99.87337816,134.0252236,98.53604915,79.98852256
690986,1570.530868,156,690986,Kyle Harrison,BOS,Kyle Harrison,Kyle Harrison,35.2,97,FALSE,1570.530868,99.87049442,133.9798748,98.50270852,79.95794599
623465,1569.964253,22,623465,Evan Phillips,LAD,Evan Phillips,Evan Phillips,5.2,0,FALSE,1569.964253,99.83446324,133.4132602,98.08613046,79.57590374
702056,1569.950281,62,702056,Trey Yesavage,TOR,Trey Yesavage,Trey Yesavage,14,79,FALSE,1569.950281,99.83357475,133.3992881,98.0758581,79.566483
621366,1569.931605,145,621366,Ryan Borucki,PIT,Ryan Borucki,Ryan Borucki,35,108,FALSE,1569.931605,99.83238711,133.3806116,98.06212708,79.55389034
656641,1569.878528,348,656641,Jacob Latz,TEX,Jacob Latz,Jacob Latz,85.2,70,FALSE,1569.878528,99.82901195,133.3275349,98.02310482,79.51810316
669724,1569.386015,260,669724,Brenan Hanifee,DET,Brenan Hanifee,Brenan Hanifee,60,73,FALSE,1569.386015,99.7976929,132.8350218,97.6610066,79.18602418
592332,1569.359616,776,592332,Kevin Gausman,TOR,Kevin Gausman,Kevin Gausman,193,88,TRUE,1569.359616,99.79601421,132.8086233,97.64159825,79.16822485
543243,1569.35438,756,543243,Sonny Gray,BOS,Sonny Gray,Sonny Gray,180.2,104,TRUE,1569.35438,99.79568124,132.803387,97.63774853,79.16469428
677161,1569.336833,152,677161,Zack Kelly,BOS,Zack Kelly,Zack Kelly,35.1,107,FALSE,1569.336833,99.79456543,132.7858402,97.62484796,79.15286322
656605,1569.292864,750,656605,Mitch Keller,PIT,Mitch Keller,Mitch Keller,176.1,98,TRUE,1569.292864,99.79176943,132.7418712,97.59252178,79.12321699
608379,1569.224754,716,608379,Michael Wacha,KC,Michael Wacha,Michael Wacha,172.2,91,TRUE,1569.224754,99.78743829,132.6737612,97.54244689,79.0772935
675512,1569.134318,181,675512,Troy Melton,DET,Troy Melton,Troy Melton,45.2,67,FALSE,1569.134318,99.78168743,132.583325,97.47595773,79.01631653
657571,1569.059706,271,657571,Caleb Ferguson,SEA,Caleb Ferguson,Caleb Ferguson,65.1,87,FALSE,1569.059706,99.7769428,132.5087125,97.42110227,78.96600878
678020,1568.966014,172,678020,Seth Halvorsen,COL,Seth Halvorsen,Seth Halvorsen,39.2,104,FALSE,1568.966014,99.77098492,132.4150208,97.35221965,78.90283677
623433,1568.818181,63,623433,Nick Anderson,STL,Nick Anderson,Nick Anderson,14.2,128,FALSE,1568.818181,99.7615842,132.2671881,97.24353222,78.80315992
681857,1568.649717,287,681857,Reese Olson,DET,Reese Olson,Reese Olson,68.2,77,FALSE,1568.649717,99.75087149,132.0987236,97.11967623,78.68957204
640455,1568.598702,263,640455,Sean Manaea,NYM,Sean Manaea,Sean Manaea,60.2,139,FALSE,1568.598702,99.74762746,132.047709,97.08217008,78.65517528
663372,1568.598006,135,663372,Ryan Feltner,COL,Ryan Feltner,Ryan Feltner,30.1,99,FALSE,1568.598006,99.74758319,132.0470128,97.08165822,78.65470585
607481,1568.41926,237,607481,Aaron Bummer,ATL,Aaron Bummer,Aaron Bummer,54.1,90,FALSE,1568.41926,99.73621669,131.868267,96.95024333,78.53418573
693855,1568.325133,242,693855,Ian Seymour,TB,Ian Seymour,Ian Seymour,57,88,FALSE,1568.325133,99.73023112,131.7741398,96.88104054,78.4707201
641585,1568.313317,16,641585,J.P. France,HOU,J.P. France,J.P. France,4,55,FALSE,1568.313317,99.72947973,131.7623238,96.87235332,78.46275308
594580,1568.172338,82,594580,Sam Moll,CIN,Sam Moll,Sam Moll,18.1,145,FALSE,1568.172338,99.72051484,131.6213447,96.76870478,78.36769738
671096,1568.159596,684,671096,Andrew Abbott,CIN,Andrew Abbott,Andrew Abbott,166.1,65,TRUE,1568.159596,99.71970461,131.6086033,96.75933722,78.35910642
657376,1567.932938,316,657376,Clarke Schmidt,NYY,Clarke Schmidt,Clarke Schmidt,78.2,82,FALSE,1567.932938,99.70529136,131.3819452,96.59269704,78.20628131
690916,1567.84135,195,690916,Richard Fitts,STL,Richard Fitts,Richard Fitts,45,117,FALSE,1567.84135,99.6994672,131.2903564,96.52536047,78.14452718
668964,1567.840687,220,668964,Tobias Myers,MIL,Tobias Myers,Tobias Myers,50.2,85,FALSE,1567.840687,99.69942509,131.2896942,96.5248736,78.14408068
665871,1567.774398,153,665871,Javier Assad,CHC,Javier Assad,Javier Assad,37,88,FALSE,1567.774398,99.69520974,131.223405,96.47613742,78.0993849
663542,1567.678915,75,663542,Bryan Hudson,MIL,Bryan Hudson,Bryan Hudson,15,116,FALSE,1567.678915,99.68913792,131.1279216,96.40593751,78.03500481
605135,1567.066592,737,605135,Chris Bassitt,TOR,Chris Bassitt,Chris Bassitt,170.1,97,TRUE,1567.066592,99.65020017,130.5155991,95.95575479,77.62214385
623149,1567.014865,81,623149,Paul Sewald,DET,Paul Sewald,Paul Sewald,19.2,113,FALSE,1567.014865,99.64691084,130.4638722,95.91772493,77.5872668
641835,1566.869476,74,641835,Tim Mayza,PIT,Tim Mayza,Tim Mayza,16.2,88,FALSE,1566.869476,99.63766551,130.3184832,95.81083416,77.48923767
669211,1566.492872,269,669211,Keegan Akin,BAL,Keegan Akin,Keegan Akin,63.1,84,FALSE,1566.492872,99.61371712,129.9418787,95.53395251,77.23531049
682120,1566.295052,194,682120,Tim Herrin,CLE,Tim Herrin,Tim Herrin,42.2,120,FALSE,1566.295052,99.60113772,129.744059,95.38851445,77.10192977
489119,1566.186778,55,489119,Wade Miley,CIN,Wade Miley,Wade Miley,12,153,FALSE,1566.186778,99.59425254,129.635785,95.30891081,77.02892556
668674,1566.107628,249,668674,Lucas Erceg,KC,Lucas Erceg,Lucas Erceg,61.1,63,FALSE,1566.107628,99.58921937,129.556635,95.25071935,76.97555838
686580,1566.059718,137,686580,Justin Slaten,BOS,Justin Slaten,Justin Slaten,34,99,FALSE,1566.059718,99.58617278,129.5087253,95.21549586,76.94325504
676508,1565.999438,333,676508,Ben Casparius,LAD,Ben Casparius,Ben Casparius,77.2,111,FALSE,1565.999438,99.58233955,129.4484452,95.17117761,76.90261093
691441,1565.956613,26,691441,Cristian Mena,ARI,Cristian Mena,Cristian Mena,6.2,32,FALSE,1565.956613,99.57961631,129.4056204,95.13969259,76.87373614
605130,1565.865149,303,605130,Scott Barlow,CIN,Scott Barlow,Scott Barlow,68.1,95,FALSE,1565.865149,99.57380007,129.3141561,95.07244756,76.81206596
663941,1565.474612,232,663941,Tristan Beck,SF,Tristan Beck,Tristan Beck,56.2,112,FALSE,1565.474612,99.54896573,128.9236193,94.78532286,76.54874493
643511,1565.303831,299,643511,Tyler Rogers,TOR,Tyler Rogers,Tyler Rogers,77.1,48,FALSE,1565.303831,99.53810567,128.7528375,94.65976321,76.43359462
608717,1565.246863,104,608717,Chris Stratton,LAD,Chris Stratton,Chris Stratton,21,183,FALSE,1565.246863,99.53448305,128.6958694,94.61787998,76.39518366
547179,1565.211705,607,547179,Michael Lorenzen,COL,Michael Lorenzen,Michael Lorenzen,141.2,110,FALSE,1565.211705,99.53224737,128.6607118,94.59203192,76.3714785
622608,1565.135642,619,622608,Antonio Senzatela,COL,Antonio Senzatela,Antonio Senzatela,130,139,FALSE,1565.135642,99.5274105,128.5846489,94.53611002,76.32019273
702674,1565.044537,142,702674,Caden Dana,LAA,Caden Dana,Caden Dana,32.1,154,FALSE,1565.044537,99.5216171,128.4935437,94.46912903,76.25876469
663432,1564.349276,47,663432,Tanner Rainey,PIT,Tanner Rainey,Tanner Rainey,9.2,263,FALSE,1564.349276,99.47740526,127.7982826,93.95796943,75.78998206
657585,1563.867715,238,657585,Reed Garrett,NYM,Reed Garrett,Reed Garrett,55.1,96,FALSE,1563.867715,99.44678267,127.3167217,93.60392332,75.46528764
621051,1563.863453,241,621051,Steven Wilson,CHW,Steven Wilson,Steven Wilson,55.1,83,FALSE,1563.863453,99.44651168,127.3124603,93.60079032,75.46241438
593974,1563.693519,313,593974,Wandy Peralta,SD,Wandy Peralta,Wandy Peralta,71.2,78,FALSE,1563.693519,99.43570551,127.142526,93.47585372,75.34783547
671106,1563.437802,679,671106,Logan Allen,CLE,Logan Allen,Logan Allen,156.2,105,FALSE,1563.437802,99.41944438,126.8868087,93.28784902,75.17541703
663568,1563.351814,462,663568,Stephen Kolek,KC,Stephen Kolek,Stephen Kolek,112.2,86,FALSE,1563.351814,99.41397637,126.8008206,93.22463008,75.11743916
681293,1563.343279,156,681293,Spencer Arrighetti,HOU,Spencer Arrighetti,Spencer Arrighetti,35.1,131,FALSE,1563.343279,99.41343364,126.7922858,93.2183553,75.11168459
676395,1563.214023,269,676395,Robert Garcia,TEX,Robert Garcia,Robert Garcia,64,73,FALSE,1563.214023,99.40521422,126.66303,93.12332571,75.02453329
696136,1563.157269,67,696136,Jordan Wicks,CHC,Jordan Wicks,Jordan Wicks,14.1,152,FALSE,1563.157269,99.40160525,126.6062763,93.08160014,74.98626693
687911,1563.061609,275,687911,Bryan King,HOU,Bryan King,Bryan King,68,68,FALSE,1563.061609,99.39552217,126.5106159,93.01127012,74.92176751
669084,1563.046222,155,669084,DL Hall,MIL,DL Hall,DL Hall,38.2,84,FALSE,1563.046222,99.39454374,126.4952293,92.9999578,74.91139303
458677,1562.949764,210,458677,Justin Wilson,BOS,Justin Wilson,Justin Wilson,48.1,79,FALSE,1562.949764,99.38840993,126.3987712,92.92904125,74.84635572
681432,1562.311763,15,681432,Luke Little,CHC,Luke Little,Luke Little,2.2,82,FALSE,1562.311763,99.34783924,125.7607696,92.45997913,74.41618053
592773,1562.254664,255,592773,Ryne Stanek,STL,Ryne Stanek,Ryne Stanek,56,130,FALSE,1562.254664,99.34420829,125.7036706,92.41799962,74.37768127
674072,1562.242231,26,674072,Tommy Henry,ARI,Tommy Henry,Tommy Henry,6.2,95,FALSE,1562.242231,99.34341767,125.6912375,92.40885875,74.36929821
800048,1562.041661,165,800048,Parker Messick,CLE,Parker Messick,Parker Messick,39.2,67,FALSE,1562.041661,99.3306634,125.490668,92.26139901,74.23406341
656945,1561.79271,238,656945,Tanner Scott,LAD,Tanner Scott,Tanner Scott,57,113,FALSE,1561.79271,99.31483255,125.2417172,92.0783691,74.06620733
682254,1561.706351,209,682254,Mason Montgomery,PIT,Mason Montgomery,Mason Montgomery,46,137,FALSE,1561.706351,99.30934096,125.1553582,92.01487748,74.0079794
660853,1561.664031,281,660853,Enyel De Los Santos,ATL,Enyel De Los Santos,Enyel De Los Santos,66,104,FALSE,1561.664031,99.30664978,125.1130376,91.98376321,73.97944461
606303,1561.606429,117,606303,Joel Payamps,MIL,Joel Payamps,Joel Payamps,26.1,164,FALSE,1561.606429,99.3029869,125.0554363,91.9414144,73.94060667
605447,1561.416354,187,605447,Jordan Romano,LAA,Jordan Romano,Jordan Romano,42.2,192,FALSE,1561.416354,99.29089996,124.865361,91.80167004,73.81244761
669371,1561.385246,241,669371,Cole Henry,WAS,Cole Henry,Cole Henry,52.2,102,FALSE,1561.385246,99.28892178,124.8342528,91.77879911,73.79147277
687209,1561.35529,43,687209,Zach Maxwell,CIN,Zach Maxwell,Zach Maxwell,10,102,FALSE,1561.35529,99.2870169,124.8042973,91.75677568,73.77127516
592836,1561.29234,539,592836,Taijuan Walker,PHI,Taijuan Walker,Taijuan Walker,123.2,95,FALSE,1561.29234,99.28301384,124.7413466,91.71049398,73.72883038
656629,1560.969851,53,656629,Michael Kopech,LAD,Michael Kopech,Michael Kopech,11,59,FALSE,1560.969851,99.26250671,124.4188581,91.47339873,73.51139117
668678,1560.872036,814,668678,Zac Gallen,ARI,Zac Gallen,Zac Gallen,192,114,TRUE,1560.872036,99.25628663,124.3210431,91.40148462,73.445439
670167,1560.764292,265,670167,John Schreiber,KC,John Schreiber,John Schreiber,64,90,FALSE,1560.764292,99.24943513,124.2132987,91.3222704,73.37279192
681676,1560.608125,141,681676,Ryan Fernandez,STL,Ryan Fernandez,Ryan Fernandez,30.1,187,FALSE,1560.608125,99.23950442,124.0571315,91.20745546,73.26749555
690928,1560.572934,256,690928,Hunter Dobbins,STL,Hunter Dobbins,Hunter Dobbins,61,97,FALSE,1560.572934,99.23726662,124.0219406,91.18158294,73.24376796
663897,1560.546234,25,663897,Luke Williams,ATL,Luke Williams,Luke Williams,6,71,FALSE,1560.546234,99.23556877,123.9952408,91.16195311,73.22576551
656731,1560.496357,305,656731,Tylor Megill,NYM,Tylor Megill,Tylor Megill,68.1,97,FALSE,1560.496357,99.23239708,123.9453639,91.12528332,73.19213578
605288,1560.31929,518,605288,Adrian Houser,SF,Adrian Houser,Adrian Houser,125,80,FALSE,1560.31929,99.22113734,123.7682969,90.99510271,73.07274761
676467,1560.131541,379,676467,Colton Gordon,HOU,Colton Gordon,Colton Gordon,86,131,FALSE,1560.131541,99.20919832,123.5805477,90.85706854,72.94615697
641656,1559.698311,166,641656,Ian Hamilton,NYY,Ian Hamilton,Ian Hamilton,40,106,FALSE,1559.698311,99.18164913,123.147318,90.53855582,72.65405009
571927,1559.59847,309,571927,Steven Matz,TB,Steven Matz,Steven Matz,76.2,74,FALSE,1559.59847,99.17530019,123.0474767,90.46515191,72.58673163
669330,1559.417782,82,669330,Tyler Wells,BAL,Tyler Wells,Tyler Wells,21.2,72,FALSE,1559.417782,99.16381017,122.8667885,90.33230899,72.46490186
694037,1559.369092,216,694037,Daniel Palencia,CHC,Daniel Palencia,Daniel Palencia,52.2,70,FALSE,1559.369092,99.16071399,122.8180989,90.29651218,72.43207274
702352,1559.079524,344,702352,Spencer Bivens,SF,Spencer Bivens,Spencer Bivens,81,97,FALSE,1559.079524,99.14230028,122.5285309,90.08362025,72.23683031
687863,1558.670772,147,687863,Porter Hodge,CHC,Porter Hodge,Porter Hodge,33,152,FALSE,1558.670772,99.11630763,122.1197789,89.78310363,71.9612276
678606,1558.445057,324,678606,Jose A. Ferrer,SEA,Jose A. Ferrer,Jose A. Ferrer,76.1,106,FALSE,1558.445057,99.10195436,121.894064,89.61715687,71.80903841
571510,1558.21857,718,571510,Matt Boyd,CHC,Matthew Boyd,Matthew Boyd,179.2,78,TRUE,1558.21857,99.08755194,121.6675764,89.45064198,71.6563282
681151,1557.928001,47,681151,Jayden Murray,HOU,Jayden Murray,Jayden Murray,11.2,38,FALSE,1557.928001,99.0690746,121.3770076,89.23701431,71.46041103
666374,1557.805041,199,666374,Matt Brash,SEA,Matt Brash,Matt Brash,47.1,65,FALSE,1557.805041,99.06125554,121.2540477,89.14661348,71.37750476
808963,1557.448696,161,808963,Roki Sasaki,LAD,Roki Sasaki,Roki Sasaki,36.1,106,FALSE,1557.448696,99.03859548,120.897703,88.88462699,71.13723789
686701,1557.379553,323,686701,Ryan Bergert,KC,Ryan Bergert,Ryan Bergert,76.1,88,FALSE,1557.379553,99.03419866,120.82856,88.83379274,71.09061798
675911,1557.131511,540,675911,Spencer Strider,ATL,Spencer Strider,Spencer Strider,125.1,105,FALSE,1557.131511,99.0184256,120.580518,88.65143095,70.92337464
676917,1556.916326,219,676917,Cade Cavalli,WAS,Cade Cavalli,Cade Cavalli,48.2,101,FALSE,1556.916326,99.00474189,120.3653325,88.49322539,70.77828488
672710,1556.887512,51,672710,Roansy Contreras,BAL,Roansy Contreras,Roansy Contreras,12.2,119,FALSE,1556.887512,99.00290962,120.3365188,88.47204147,70.75885718
682995,1556.749597,12,682995,Hunter Barco,PIT,Hunter Barco,Hunter Barco,3,0,FALSE,1556.749597,98.9941396,120.1986044,88.37064601,70.66586778
642397,1556.602685,279,642397,Gregory Soto,PIT,Gregory Soto,Gregory Soto,60.1,103,FALSE,1556.602685,98.98479742,120.0516922,88.26263543,70.56681166
673513,1556.574106,272,673513,Yuki Matsui,SD,Yuki Matsui,Yuki Matsui,63.1,98,FALSE,1556.574106,98.98298008,120.0231134,88.2416241,70.54754224
683232,1556.432451,224,683232,Nick Mears,KC,Nick Mears,Nick Mears,56.2,84,FALSE,1556.432451,98.97397218,119.8814581,88.1374784,70.45203059
800049,1556.27573,139,800049,Adam Mazur,MIA,Adam Mazur,Adam Mazur,30,113,FALSE,1556.27573,98.96400624,119.7247369,88.02225618,70.3463607
595897,1556.120366,21,595897,Nick Burdi,SD,Nick Burdi,Nick Burdi,5.1,0,FALSE,1556.120366,98.95412661,119.569373,87.90803183,70.24160597
663992,1555.958534,57,663992,Richard Lovelady,NYM,Richard Lovelady,Richard Lovelady,11.2,209,FALSE,1555.958534,98.94383565,119.4075407,87.78905184,70.13248984
502085,1555.863271,78,502085,David Robertson,PHI,David Robertson,David Robertson,17.2,95,FALSE,1555.863271,98.93777784,119.3122776,87.71901394,70.06825834
592662,1555.855568,755,592662,Robbie Ray,SF,Robbie Ray,Robbie Ray,182.1,89,TRUE,1555.855568,98.93728804,119.3045752,87.71335104,70.06306491
805673,1555.711481,354,805673,Zebby Matthews,MIN,Zebby Matthews,Zebby Matthews,79.1,135,FALSE,1555.711481,98.9281255,119.160488,87.6074174,69.96591355
687922,1555.697481,108,687922,Easton Lucas,TOR,Easton Lucas,Easton Lucas,24.1,164,FALSE,1555.697481,98.92723519,119.1464874,87.59712407,69.95647358
542881,1555.466685,599,542881,Tyler Anderson,LAA,Tyler Anderson,Tyler Anderson,136.1,110,FALSE,1555.466685,98.91255882,118.9156915,87.4274417,69.80085848
663623,1555.208149,788,663623,Jake Irvin,WAS,Jake Irvin,Jake Irvin,180,135,TRUE,1555.208149,98.89611844,118.6571555,87.23736471,69.62653955
663460,1554.72292,478,663460,Kris Bubic,KC,Kris Bubic,Kris Bubic,116.1,61,FALSE,1554.72292,98.86526263,118.1719271,86.88062222,69.29937229
657612,1554.371378,269,657612,Tim Hill,NYY,Tim Hill,Tim Hill,67,76,FALSE,1554.371378,98.84290794,117.8203844,86.6221662,69.0623432
605452,1554.265927,228,605452,Joe Ross,PHI,Joe Ross,Joe Ross,51,120,FALSE,1554.265927,98.83620232,117.7149341,86.5446386,68.99124292
695549,1554.16446,218,695549,Jackson Jobe,DET,Jackson Jobe,Jackson Jobe,49,103,FALSE,1554.16446,98.82975002,117.6134673,86.47003967,68.92282851
543859,1554.1431,104,543859,Michael Tonkin,,Michael Tonkin,Michael Tonkin,24,118,FALSE,1554.1431,98.82839169,117.5921066,86.45433516,68.90842596
682990,1553.911224,653,682990,Quinn Priester,MIL,Quinn Priester,Quinn Priester,157.1,79,FALSE,1553.911224,98.81364667,117.3602313,86.28385922,68.75208308
657756,1553.576699,48,657756,Connor Seabold,TB,Connor Seabold,Connor Seabold,10.1,103,FALSE,1553.576699,98.7923741,117.0257058,86.03791427,68.52652785
663903,1553.38383,716,663903,Brady Singer,CIN,Brady Singer,Brady Singer,169.2,91,TRUE,1553.38383,98.78010951,116.8328367,85.89611596,68.39648513
687064,1553.312959,256,687064,Brandon Young,BAL,Brandon Young,Brandon Young,57.2,155,FALSE,1553.312959,98.77560282,116.761966,85.84401142,68.34870025
669721,1553.063561,46,669721,Davis Daniel,ATL,Davis Daniel,Davis Daniel,10,128,FALSE,1553.063561,98.75974353,116.5125681,85.66065276,68.18054268
573124,1552.994734,221,573124,Taylor Rogers,CHC,Taylor Rogers,Taylor Rogers,50.2,79,FALSE,1552.994734,98.75536677,116.4437406,85.61005043,68.13413546
689690,1552.994292,153,689690,Alek Jacob,SD,Alek Jacob,Alek Jacob,33.1,127,FALSE,1552.994292,98.75533865,116.4432984,85.60972531,68.13383729
683155,1552.894623,55,683155,Joey Estes,ATH,Joey Estes,Joey Estes,11,233,FALSE,1552.894623,98.7490007,116.3436299,85.53644849,68.06663538
571945,1552.836972,669,571945,Miles Mikolas,STL,Miles Mikolas,Miles Mikolas,156.1,117,FALSE,1552.836972,98.74533468,116.2859792,85.49406341,68.02776418
656876,1552.61648,589,656876,Drew Rasmussen,TB,Drew Rasmussen,Drew Rasmussen,150,67,FALSE,1552.61648,98.73131353,116.0654871,85.33195646,67.87909648
672582,1552.45931,275,672582,Angel Zerpa,MIL,Angel Zerpa,Angel Zerpa,64.2,99,FALSE,1552.45931,98.72131905,115.9083171,85.21640426,67.77312397
668834,1552.41386,62,668834,Easton McGee,SEA,Easton McGee,Easton McGee,14.2,132,FALSE,1552.41386,98.71842886,115.8628671,85.18298915,67.74247909
664192,1552.226829,165,664192,Joey Lucchesi,SF,Joey Lucchesi,Joey Lucchesi,38.1,91,FALSE,1552.226829,98.70653551,115.675836,85.04548293,67.61637263
678394,1552.092161,703,678394,Brayan Bello,BOS,Brayan Bello,Brayan Bello,166.2,78,TRUE,1552.092161,98.6979719,115.5411675,84.94647398,67.52557187
641816,1551.701066,347,641816,Tyler Mahle,TEX,Tyler Mahle,Tyler Mahle,86.2,54,FALSE,1551.701066,98.67310208,115.1500729,84.65893912,67.26187469
571578,1551.673971,665,571578,Patrick Corbin,WAS,Patrick Corbin,Patrick Corbin,155.1,109,FALSE,1551.673971,98.67137911,115.122978,84.6390188,67.24360583
657424,1551.61026,138,657424,Matt Gage,SF,Matt Gage,Matt Gage,31,78,FALSE,1551.61026,98.6673277,115.0592668,84.59217799,67.20064829
694819,1551.523251,272,694819,Jacob Misiorowski,MIL,Jacob Misiorowski,Jacob Misiorowski,66,104,FALSE,1551.523251,98.66179478,114.9722579,84.5282086,67.14198219
685326,1551.293987,126,685326,McCade Brown,COL,McCade Brown,McCade Brown,25.2,154,FALSE,1551.293987,98.64721579,114.7429934,84.35965213,66.98739966
677976,1551.113152,19,677976,Randy Dobnak,DET,Randy Dobnak,Randy Dobnak,5.1,41,FALSE,1551.113152,98.63571647,114.5621589,84.22670168,66.86547128
663804,1551.083333,71,663804,Jackson Kowar,SEA,Jackson Kowar,Jackson Kowar,17,111,FALSE,1551.083333,98.63382026,114.5323397,84.20477847,66.84536558
676755,1550.98117,198,676755,Isaac Mattson,PIT,Isaac Mattson,Isaac Mattson,47.2,57,FALSE,1550.98117,98.62732371,114.430177,84.12966789,66.77648194
606930,1550.348963,36,606930,Jacob Barnes,WAS,Jacob Barnes,Jacob Barnes,8,221,FALSE,1550.348963,98.58712149,113.7979701,83.66486602,66.3502138
688138,1550.326849,351,688138,Logan Evans,SEA,Logan Evans,Logan Evans,81.1,113,FALSE,1550.326849,98.58571524,113.7758559,83.64860757,66.33530324
686563,1550.227345,466,686563,Jonathan Cannon,CHW,Jonathan Cannon,Jonathan Cannon,103.2,142,FALSE,1550.227345,98.57938777,113.6763521,83.57545182,66.26821237
680730,1550.04308,725,680730,Mitchell Parker,WAS,Mitchell Parker,Mitchell Parker,164.2,135,TRUE,1550.04308,98.56767032,113.4920872,83.43997934,66.14397104
573186,1549.973431,175,573186,Marcus Stroman,NYY,Marcus Stroman,Marcus Stroman,39,154,FALSE,1549.973431,98.56324129,113.4224378,83.38877269,66.0970096
607732,1549.830464,8,607732,Jacob Stallings,BAL,Jacob Stallings,Jacob Stallings,2,94,FALSE,1549.830464,98.55414997,113.2794707,83.28366257,66.00061349
641302,1549.791965,425,641302,Tyler Alexander,TB,Tyler Alexander,Tyler Alexander,97.2,120,FALSE,1549.791965,98.55170182,113.2409719,83.25535804,65.9746555
547184,1549.366151,166,547184,Michael Kelly,CLE,Michael Kelly,Michael Kelly,39.2,75,FALSE,1549.366151,98.52462422,112.8151584,82.94229769,65.68754898
682052,1549.323371,401,682052,Jacob Lopez,ATH,Jacob Lopez,Jacob Lopez,92.2,97,FALSE,1549.323371,98.52190382,112.7723782,82.91084545,65.65870425
453286,1549.164024,359,453286,Max Scherzer,TOR,Max Scherzer,Max Scherzer,85,127,FALSE,1549.164024,98.51177085,112.6130305,82.79369219,65.5512634
685299,1548.924525,337,685299,Tanner Gordon,COL,Tanner Gordon,Tanner Gordon,75.1,132,FALSE,1548.924525,98.49654109,112.3735321,82.61761176,65.38978067
641540,1548.860534,95,641540,Dane Dunning,ATL,Dane Dunning,Dane Dunning,20.2,167,FALSE,1548.860534,98.49247188,112.3095412,82.57056525,65.34663449
622786,1548.307483,81,622786,Jesus Tinoco,MIA,Jesus Tinoco,Jesus Tinoco,19.1,120,FALSE,1548.307483,98.45730319,111.7564897,82.16395892,64.97373729
605154,1548.164316,115,605154,John Brebbia,DET,John Brebbia,John Brebbia,23.1,187,FALSE,1548.164316,98.44819916,111.6133228,82.05870185,64.8772064
594902,1548.159562,179,594902,Ben Lively,CLE,Ben Lively,Ben Lively,44.2,80,FALSE,1548.159562,98.44789689,111.6085693,82.05520709,64.87400137
607200,1547.985798,625,607200,Erick Fedde,ATL,Erick Fedde,Erick Fedde,141,132,FALSE,1547.985798,98.43684717,111.434805,81.92745464,64.75684006
671131,1547.701166,331,671131,Jackson Rutledge,WAS,Jackson Rutledge,Jackson Rutledge,73.1,137,FALSE,1547.701166,98.4187473,111.1501724,81.71819123,64.56492534
801139,1547.681418,74,801139,Payton Tolle,BOS,Payton Tolle,Payton Tolle,16.1,142,FALSE,1547.681418,98.41749156,111.130425,81.70367284,64.55161057
701542,1547.662879,712,701542,Will Warren,NYY,Will Warren,Will Warren,162.1,110,TRUE,1547.662879,98.41631263,111.1118856,81.69004259,64.53911031
543101,1547.194189,169,543101,Anthony DeSclafani,ARI,Anthony DeSclafani,Anthony DeSclafani,38.2,120,FALSE,1547.194189,98.38650852,110.6431959,81.34545943,64.22309433
595014,1547.081351,129,595014,Blake Treinen,LAD,Blake Treinen,Blake Treinen,26.2,129,FALSE,1547.081351,98.37933312,110.5303578,81.2625003,64.14701282
673540,1546.35116,484,673540,Kodai Senga,NYM,Kodai Senga,Kodai Senga,113.1,74,FALSE,1546.35116,98.33290008,109.800167,80.72566021,63.65467869
829272,1545.985495,174,829272,Shinnosuke Ogasawara,WAS,Shinnosuke Ogasawara,Shinnosuke Ogasawara,38.2,166,FALSE,1545.985495,98.30964735,109.4345021,80.45682145,63.40812763
663765,1545.964999,170,663765,Jake Woodford,ARI,Jake Woodford,Jake Woodford,36.1,152,FALSE,1545.964999,98.308344,109.414006,80.44175259,63.39430803
500779,1545.634844,557,500779,Jose Quintana,MIL,Jose Quintana,Jose Quintana,131.2,95,FALSE,1545.634844,98.28734935,109.083851,80.19902091,63.17169968
700363,1545.519132,191,700363,AJ Smith-Shawver,ATL,AJ Smith-Shawver,AJ Smith-Shawver,44.1,91,FALSE,1545.519132,98.27999121,108.9681394,80.11394908,63.09368061
682171,1545.499534,63,682171,Penn Murfee,CHW,Penn Murfee,Penn Murfee,12.2,190,FALSE,1545.499534,98.27874494,108.9485408,80.09954012,63.0804662
608718,1545.416184,292,608718,Brent Suter,CIN,Brent Suter,Brent Suter,67.2,102,FALSE,1545.416184,98.27344466,108.8651904,80.03826049,63.02426687
700249,1545.360289,489,700249,Cade Povich,BAL,Cade Povich,Cade Povich,112.1,129,FALSE,1545.360289,98.26989032,108.8092959,79.99716657,62.98657978
666214,1545.342147,442,666214,Joey Wentz,ATL,Joey Wentz,Joey Wentz,98,133,FALSE,1545.342147,98.26873668,108.7911542,79.98382868,62.97434765
676775,1545.045621,42,676775,Keaton Winn,SF,Keaton Winn,Keaton Winn,10,110,FALSE,1545.045621,98.24988046,108.4946275,79.76582065,62.77441327
667463,1544.76788,222,667463,John King,STL,John King,John King,48.1,113,FALSE,1544.76788,98.23221886,108.216887,79.56162438,62.5871456
663978,1544.566844,671,663978,Chris Paddack,DET,Chris Paddack,Chris Paddack,158,130,FALSE,1544.566844,98.21943495,108.0158514,79.41382194,62.45159652
694738,1544.197748,478,694738,Landen Roupp,SF,Landen Roupp,Landen Roupp,106.2,92,FALSE,1544.197748,98.19596399,107.6467546,79.1424601,62.20273154
666974,1544.170131,252,666974,Yennier Cano,BAL,Yennier Cano,Yennier Cano,58,127,FALSE,1544.170131,98.19420781,107.6191375,79.12215583,62.18411057
677960,1544.161144,166,677960,Ryan Weathers,MIA,Ryan Weathers,Ryan Weathers,38.1,94,FALSE,1544.161144,98.19363633,107.6101506,79.11554862,62.17805112
489446,1543.658856,179,489446,Kirby Yates,LAA,Kirby Yates,Kirby Yates,41.1,125,FALSE,1543.658856,98.16169574,107.1078632,78.74626428,61.83938177
605242,1543.589197,23,605242,Michael Fulmer,BOS,Michael Fulmer,Michael Fulmer,5.2,112,FALSE,1543.589197,98.15726606,107.0382035,78.69505012,61.79241345
688642,1543.06822,137,688642,Zach Agnos,COL,Zach Agnos,Zach Agnos,31.1,138,FALSE,1543.06822,98.12413703,106.5172272,78.31202561,61.44114305
623437,1543.059513,268,623437,Justin Topa,MIN,Justin Topa,Justin Topa,60,94,FALSE,1543.059513,98.12358334,106.50852,78.30562403,61.43527218
696147,1542.825047,94,696147,Sam Bachman,LAA,Sam Bachman,Sam Bachman,20.1,150,FALSE,1542.825047,98.1086736,106.2740543,78.13324362,61.27718272
695418,1542.582109,547,695418,Brad Lord,WAS,Brad Lord,Brad Lord,130.2,103,FALSE,1542.582109,98.09322507,106.0311159,77.95463397,61.11338046
628317,1542.289511,43,628317,Kenta Maeda,DET,Kenta Maeda,Kenta Maeda,8,192,FALSE,1542.289511,98.0746187,105.7385181,77.73951458,60.91609523
661563,1542.132726,245,661563,Luis Gil,NYY,Luis Gil,Luis Gil,57,82,FALSE,1542.132726,98.06464868,105.5817328,77.6242452,60.8103821
434378,1542.032766,663,434378,Justin Verlander,SF,Justin Verlander,Justin Verlander,152,94,FALSE,1542.032766,98.05829217,105.4817724,77.55075377,60.74298337
493603,1541.849997,9,493603,Adam Ottavino,NYM,Adam Ottavino,Adam Ottavino,1.2,0,FALSE,1541.849997,98.04666988,105.2990041,77.41638154,60.61975108
687847,1541.764036,23,687847,Marc Church,TEX,Marc Church,Marc Church,4.2,95,FALSE,1541.764036,98.04120361,105.2130433,77.3531827,60.56179165
650633,1541.737766,308,650633,Michael King,SD,Michael King,Michael King,73.1,85,FALSE,1541.737766,98.03953306,105.1867727,77.33386846,60.54407863
450203,1541.105494,655,450203,Charlie Morton,DET,Charlie Morton,Charlie Morton,142,144,FALSE,1541.105494,97.99932671,104.5545008,76.8690188,60.11776667
656686,1540.827517,89,656686,Corbin Martin,BAL,Corbin Martin,Corbin Martin,18,149,FALSE,1540.827517,97.9816501,104.2765242,76.66464896,59.93033983
506433,1540.728807,298,506433,Yu Darvish,SD,Yu Darvish,Yu Darvish,72,133,FALSE,1540.728807,97.97537306,104.1778135,76.59207634,59.86378374
684974,1540.586102,41,684974,Craig Yoho,MIL,Craig Yoho,Craig Yoho,8.2,174,FALSE,1540.586102,97.96629844,104.035109,76.48715923,59.76756463
519151,1540.280689,182,519151,Ryan Pressly,CHC,Ryan Pressly,Ryan Pressly,41.1,105,FALSE,1540.280689,97.94687714,103.7296959,76.2626179,59.56163858
681982,1540.147851,299,681982,Grant Anderson,MIL,Grant Anderson,Grant Anderson,69.2,77,FALSE,1540.147851,97.93842995,103.5968582,76.16495494,59.47207223
572955,1539.759252,241,572955,Pierce Johnson,ATL,Pierce Johnson,Pierce Johnson,59,72,FALSE,1539.759252,97.91371882,103.2082589,75.87925471,59.21005757
455119,1539.58814,173,455119,Chris Martin,TEX,Chris Martin,Chris Martin,42.1,74,FALSE,1539.58814,97.90283774,103.0371466,75.75345206,59.09468441
677649,1539.313458,11,677649,Ezequiel Duran,TEX,Ezequiel Duran,Ezequiel Duran,3.1,0,FALSE,1539.313458,97.88537068,102.7624653,75.55150492,58.90947941
622253,1539.235075,34,622253,Dillon Tate,BAL,Dillon Tate,Dillon Tate,6.1,105,FALSE,1539.235075,97.88038622,102.6840814,75.49387663,58.85662872
687330,1539.080333,171,687330,Kevin Kelly,TB,Kevin Kelly,Kevin Kelly,39.2,143,FALSE,1539.080333,97.87054617,102.5293399,75.38010986,58.75229362
669160,1538.763547,584,669160,Dustin May,STL,Dustin May,Dustin May,132.1,118,FALSE,1538.763547,97.85040167,102.2125541,75.14720728,58.5386995
669467,1538.675071,717,669467,Andre Pallante,STL,Andre Pallante,Andre Pallante,162.2,129,TRUE,1538.675071,97.84477544,102.1240779,75.08215912,58.47904407
670950,1538.383506,30,670950,Trevor Richards,CHC,Trevor Richards,Trevor Richards,5.2,188,FALSE,1538.383506,97.82623472,101.8325126,74.86779877,58.28245495
554431,1537.821567,35,554431,Tyler Matzek,SF,Tyler Matzek,Tyler Matzek,6.1,105,FALSE,1537.821567,97.79050086,101.2705735,74.45465821,57.90356522
621107,1537.705271,310,621107,Zach Eflin,BAL,Zach Eflin,Zach Eflin,71.1,147,FALSE,1537.705271,97.78310557,101.1542775,74.36915679,57.82515218
700669,1537.134552,194,700669,Gordon Graceffo,STL,Gordon Graceffo,Gordon Graceffo,43,153,FALSE,1537.134552,97.74681344,100.5835593,73.94956173,57.44034305
806185,1536.753669,298,806185,Hayden Birdsong,SF,Hayden Birdsong,Hayden Birdsong,65.2,117,FALSE,1536.753669,97.72259294,100.2026757,73.66953412,57.18353074
521230,1536.684561,60,521230,Liam Hendriks,BOS,Liam Hendriks,Liam Hendriks,13.2,154,FALSE,1536.684561,97.71819834,100.1335675,73.61872542,57.13693426
656550,1536.668846,493,656550,Grant Holmes,ATL,Grant Holmes,Grant Holmes,115,94,FALSE,1536.668846,97.71719904,100.117853,73.60717201,57.12633867
680689,1536.418094,172,680689,Lyon Richardson,CIN,Lyon Richardson,Lyon Richardson,37.2,103,FALSE,1536.418094,97.70125363,99.8671007,73.4228176,56.9572679
670059,1536.014398,125,670059,Colin Holderman,PIT,Colin Holderman,Colin Holderman,25.2,164,FALSE,1536.014398,97.67558253,99.4634052,73.12601855,56.68507456
700241,1535.64,400,700241,Michael McGreevy,STL,Michael McGreevy,Michael McGreevy,95.2,107,FALSE,1535.64,97.65177443,99.08900677,72.85075885,56.43263488
665665,1535.39514,8,665665,Reiver Sanmartin,CIN,Reiver Sanmartin,Reiver Sanmartin,1.2,0,FALSE,1535.39514,97.63620369,98.84414642,72.67073624,56.26753678
663559,1535.141216,518,663559,Bailey Falter,KC,Bailey Falter,Bailey Falter,125.1,104,FALSE,1535.141216,97.6200566,98.59022249,72.48405003,56.09632753
608372,1534.420438,676,608372,Tomoyuki Sugano,BAL,Tomoyuki Sugano,Tomoyuki Sugano,157,115,FALSE,1534.420438,97.57422213,97.8694446,71.95413033,55.61034007
687931,1534.391794,102,687931,Carson Whisenhunt,SF,Carson Whisenhunt,Carson Whisenhunt,23.1,122,FALSE,1534.391794,97.57240064,97.84080052,71.93307105,55.59102668
660896,1534.198162,258,660896,Jorge Alcala,BOS,Jorge Alcala,Jorge Alcala,55,150,FALSE,1534.198162,97.56008757,97.64716918,71.79071227,55.46046996
670102,1534.174753,289,670102,Bowden Francis,TOR,Bowden Francis,Bowden Francis,64,149,FALSE,1534.174753,97.55859899,97.62376014,71.77350183,55.44468632
684007,1532.115026,567,684007,Shota Imanaga,CHC,Shota Imanaga,Shota Imanaga,144.2,90,FALSE,1532.115026,97.42762036,95.564033,70.2591796,54.05590683
642232,1531.356419,264,642232,Ryan Yarbrough,NYY,Ryan Yarbrough,Ryan Yarbrough,64,108,FALSE,1531.356419,97.37938035,94.80542626,69.70144793,53.54441312
676254,1531.350733,266,676254,Ryan Walker,SF,Ryan Walker,Ryan Walker,61.1,100,FALSE,1531.350733,97.37901873,94.79973956,69.69726704,53.54057884
669620,1530.749368,56,669620,Brady Basso,ATH,Brady Basso,Brady Basso,11.2,55,FALSE,1530.749368,97.34077777,94.19837461,69.25514037,53.13510605
621121,1530.392417,274,621121,Lance McCullers Jr.,HOU,Lance McCullers Jr.,Lance McCullers Jr.,55.1,160,FALSE,1530.392417,97.31807915,93.84142362,68.99270812,52.89443038
518876,1530.352645,748,518876,Merrill Kelly,ARI,Merrill Kelly,Merrill Kelly,184,84,TRUE,1530.352645,97.31555008,93.80165221,68.96346797,52.86761434
687830,1530.044208,133,687830,Sawyer Gipson-Long,DET,Sawyer Gipson-Long,Sawyer Gipson-Long,31.1,175,FALSE,1530.044208,97.29593646,93.49321486,68.73670322,52.65964919
642216,1529.934623,46,642216,Allan Winans,NYY,Allan Winans,Allan Winans,9.1,214,FALSE,1529.934623,97.28896791,93.38362965,68.65613559,52.58576091
804636,1529.547092,88,804636,Jonah Tong,NYM,Jonah Tong,Jonah Tong,18.2,190,FALSE,1529.547092,97.2643247,92.9960986,68.37122073,52.32446651
596271,1529.333427,80,596271,Casey Lawrence,SEA,Casey Lawrence,Casey Lawrence,17.2,104,FALSE,1529.333427,97.25073769,92.78243375,68.21413321,52.18040211
642215,1529.241456,12,642215,Weston Wilson,PHI,Weston Wilson,Weston Wilson,3,0,FALSE,1529.241456,97.24488924,92.69046287,68.14651573,52.11839037
612434,1528.673993,28,612434,Miguel Castro,CHW,Miguel Castro,Miguel Castro,6,183,FALSE,1528.673993,97.20880414,92.12300031,67.72931427,51.7357764
643410,1528.148648,220,643410,Mark Leiter,ATH,Mark Leiter Jr.,Mark Leiter Jr.,48.1,120,FALSE,1528.148648,97.17539726,91.59765466,67.34307739,51.38155994
668670,1528.119562,16,668670,Jake Rogers,DET,Jake Rogers,Jake Rogers,3.2,60,FALSE,1528.119562,97.17354769,91.56856891,67.32169339,51.36194875
687075,1528.103608,84,687075,Brandon Sproat,NYM,Brandon Sproat,Brandon Sproat,20.2,118,FALSE,1528.103608,97.17253319,91.55261515,67.30996411,51.35119187
519008,1527.578108,74,519008,T.J. McFarland,ATH,T.J. McFarland,T.J. McFarland,15.2,164,FALSE,1527.578108,97.13911649,91.02711496,66.9236136,50.99687121
676051,1526.793273,21,676051,Codi Heuer,DET,Codi Heuer,Codi Heuer,4.2,142,FALSE,1526.793273,97.08920858,90.24227949,66.34659843,50.46769266
683766,1526.639323,16,683766,Christian Koss,SF,Christian Koss,Christian Koss,4,0,FALSE,1526.639323,97.07941885,90.08832943,66.23341354,50.3638912
669674,1526.573819,189,669674,Sammy Long,KC,Sam Long,Sam Long,40.1,127,FALSE,1526.573819,97.07525347,90.02282598,66.18525506,50.31972523
669920,1525.473679,336,669920,Jason Alexander,ATH,Jason Alexander,Jason Alexander,77.1,116,FALSE,1525.473679,97.00529525,88.92268586,65.37642626,49.57795123
623167,1525.166735,179,623167,Chris Flexen,CHW,Chris Flexen,Chris Flexen,43.2,75,FALSE,1525.166735,96.98577659,88.61574166,65.15075927,49.37099285
608371,1524.508892,72,608371,Lucas Sims,WAS,Lucas Sims,Lucas Sims,12.1,330,FALSE,1524.508892,96.94394421,87.95789927,64.66711009,48.92743992
656234,1523.842491,251,656234,Jake Bird,NYY,Jake Bird,Jake Bird,55.1,119,FALSE,1523.842491,96.90156758,87.29149821,64.17716852,48.47811626
663878,1523.833277,75,663878,Nate Pearson,HOU,Nate Pearson,Nate Pearson,14.2,223,FALSE,1523.833277,96.90098162,87.2822837,64.17039397,48.47190334
641672,1523.807932,152,641672,Thomas Hatch,KC,Thomas Hatch,Thomas Hatch,34,141,FALSE,1523.807932,96.89936992,87.25693858,64.1517601,48.45481429
622503,1523.293323,153,622503,Nabil Crismatt,PHI,Nabil Crismatt,Nabil Crismatt,34,87,FALSE,1523.293323,96.8666458,86.74232972,63.77341696,48.10783715
676801,1523.268283,15,676801,Chas McCormick,HOU,Chas McCormick,Chas McCormick,3,147,FALSE,1523.268283,96.86505351,86.71728983,63.7550075,48.0909539
676664,1523.136511,586,676664,JP Sears,SD,JP Sears,JP Sears,135.2,121,FALSE,1523.136511,96.85667408,86.58551772,63.65812795,48.00210602
607625,1523.007435,614,607625,Seth Lugo,KC,Seth Lugo,Seth Lugo,145.1,98,FALSE,1523.007435,96.84846611,86.45644185,63.5632307,47.91507608
688107,1522.819002,29,688107,Robert Gasser,MIL,Robert Gasser,Robert Gasser,5.2,76,FALSE,1522.819002,96.83648364,86.26800935,63.42469413,47.7880247
689225,1522.520602,103,689225,Beau Brieske,DET,Beau Brieske,Beau Brieske,22,159,FALSE,1522.520602,96.81750825,85.96960862,63.20530835,47.58682678
674285,1522.428045,151,674285,Eduardo Salazar,WAS,Eduardo Salazar,Eduardo Salazar,29,199,FALSE,1522.428045,96.81162256,85.87705221,63.13726038,47.52442024
621199,1522.39564,114,621199,Matt Bowman,BAL,Matt Bowman,Matt Bowman,24.2,154,FALSE,1522.39564,96.80956189,85.84464675,63.11343572,47.50257072
593423,1522.178866,178,593423,Frankie Montas,NYM,Frankie Montas,Frankie Montas,38.2,154,FALSE,1522.178866,96.79577717,85.62787264,62.95406226,47.35640989
592866,1522.178176,373,592866,Trevor Williams,WAS,Trevor Williams,Trevor Williams,82.2,147,FALSE,1522.178176,96.79573332,85.62718309,62.95355529,47.35594496
666168,1522.030921,60,666168,Mason Thompson,WAS,Mason Thompson,Mason Thompson,10.2,281,FALSE,1522.030921,96.78636929,85.47992746,62.84529218,47.25665724
682243,1521.933425,392,682243,Bryce Miller,SEA,Bryce Miller,Bryce Miller,90.1,148,FALSE,1521.933425,96.78016952,85.38243183,62.77361288,47.19092042
592351,1521.910351,63,592351,Jon Gray,TEX,Jon Gray,Jon Gray,14,191,FALSE,1521.910351,96.77870224,85.35935799,62.75664887,47.17536278
605182,1521.788718,31,605182,Mike Clevinger,CHW,Mike Clevinger,Mike Clevinger,5.2,193,FALSE,1521.788718,96.77096755,85.23772479,62.6672235,47.09335109
687765,1521.514898,376,687765,Mitch Spence,ATH,Mitch Spence,Mitch Spence,84.2,121,FALSE,1521.514898,96.7535553,84.96390535,62.46591001,46.90872722
680684,1521.501442,139,680684,Gunnar Hoglund,ATH,Gunnar Hoglund,Gunnar Hoglund,32.1,152,FALSE,1521.501442,96.75269957,84.9504484,62.45601639,46.89965381
543391,1521.387625,6,543391,Casey Kelly,CIN,Casey Kelly,Casey Kelly,1.2,0,FALSE,1521.387625,96.74546196,84.83663211,62.37233806,46.82291271
669060,1520.473897,226,669060,Bryse Wilson,CHW,Bryse Wilson,Bryse Wilson,47.1,162,FALSE,1520.473897,96.68735774,83.92290407,61.70056039,46.20682782
677958,1520.396516,287,677958,Kumar Rocker,TEX,Kumar Rocker,Kumar Rocker,64.1,142,FALSE,1520.396516,96.68243705,83.84552292,61.64366937,46.15465327
656849,1520.167147,724,656849,David Peterson,NYM,David Peterson,David Peterson,168.2,104,TRUE,1520.167147,96.66785139,83.61615351,61.47503577,46
676070,1519.942301,3,676070,Jacob Amaya,CHW,Jacob Amaya,Jacob Amaya,1,0,FALSE,1519.942301,96.65355337,83.39130753,61.30972782,45.84839667
621028,1519.580051,16,621028,Kevin Newman,LAA,Kevin Newman,Kevin Newman,4,163,FALSE,1519.580051,96.63051783,83.02905817,61.04340019,45.60414855
669459,1519.575521,11,669459,Kyle Nelson,ARI,Kyle Nelson,Kyle Nelson,2,212,FALSE,1519.575521,96.63022973,83.02452757,61.04006927,45.60109378
669422,1518.543754,129,669422,Matt Sauer,,Matt Sauer,Matt Sauer,29.2,152,FALSE,1518.543754,96.56461938,81.99276057,60.28150875,44.90542064
664129,1518.309331,24,664129,Geoff Hartlieb,NYY,Geoff Hartlieb,Geoff Hartlieb,3.1,531,FALSE,1518.309331,96.54971237,81.75833782,60.1091599,44.74736014
663773,1517.998962,36,663773,Bryan Hoeing,SD,Bryan Hoeing,Bryan Hoeing,8,83,FALSE,1517.998962,96.5299759,81.44796852,59.88097476,44.53809236
471911,1517.907292,212,471911,Carlos Carrasco,ATL,Carlos Carrasco,Carlos Carrasco,45.2,172,FALSE,1517.907292,96.52414663,81.35629935,59.81357911,44.47628405
666120,1517.855749,51,666120,Ian Anderson,ATL,Ian Anderson,Ian Anderson,9.1,279,FALSE,1517.855749,96.52086894,81.3047555,59.7756838,44.44153039
696131,1517.716746,19,696131,Mason Black,SF,Mason Black,Mason Black,4,164,FALSE,1517.716746,96.51202971,81.16575251,59.67348807,44.34780706
621363,1517.69072,52,621363,Colin Poche,WAS,Colin Poche,Colin Poche,9.1,300,FALSE,1517.69072,96.51037475,81.13972714,59.65435408,44.33025935
596295,1517.425003,272,596295,Austin Gomber,COL,Austin Gomber,Austin Gomber,57.2,157,FALSE,1517.425003,96.49347774,80.8740103,59.45899766,44.15109867
669713,1516.958154,132,669713,Hayden Wesneski,HOU,Hayden Wesneski,Hayden Wesneski,32,110,FALSE,1516.958154,96.46379068,80.40716132,59.11576784,43.83632383
657053,1516.800452,11,657053,Touki Toussaint,CHW,Touki Toussaint,Touki Toussaint,2,217,FALSE,1516.800452,96.45376233,80.24945881,58.99982413,43.72999227
656638,1516.780264,6,656638,Alex Lange,KC,Alex Lange,Alex Lange,1,0,FALSE,1516.780264,96.45247856,80.22927066,58.98498169,43.71638033
694918,1516.154631,78,694918,Blade Tidwell,SF,Blade Tidwell,Blade Tidwell,15,221,FALSE,1516.154631,96.4126944,79.60363786,58.52501317,43.29454484
650489,1515.796552,4,650489,Willi Castro,CHC,Willi Castro,Willi Castro,1,0,FALSE,1515.796552,96.38992409,79.2455593,58.26175192,43.0531089
683021,1515.386265,3,683021,Michael Stefanic,TOR,Michael Stefanic,Michael Stefanic,1,0,FALSE,1515.386265,96.36383381,78.83527214,57.96010665,42.7764711
687473,1514.642272,454,687473,Ryan Gusto,MIA,Ryan Gusto,Ryan Gusto,101.2,137,FALSE,1514.642272,96.31652307,78.09127885,57.41311887,42.27483056
643396,1514.253928,2,643396,Isiah Kiner-Falefa,TOR,Isiah Kiner-Falefa,Isiah Kiner-Falefa,0.2,0,FALSE,1514.253928,96.29182819,77.70293526,57.12760662,42.0129883
686730,1514.057493,60,686730,Carson Spiers,CIN,Carson Spiers,Carson Spiers,13.1,138,FALSE,1514.057493,96.27933683,77.50650017,56.98318651,41.88054114
518397,1513.758693,81,518397,Scott Alexander,ATH,Scott Alexander,Scott Alexander,17.2,129,FALSE,1513.758693,96.26033604,77.20769988,56.76350697,41.67907382
518489,1513.674967,105,518489,Ryan Brasier,CHC,Ryan Brasier,Ryan Brasier,26,109,FALSE,1513.674967,96.25501186,77.12397355,56.70195093,41.62262099
641658,1513.2403,3,641658,Garrett Hampson,STL,Garrett Hampson,Garrett Hampson,1,0,FALSE,1513.2403,96.22737127,76.68930669,56.38238156,41.32954507
675650,1512.904603,20,675650,Michael Mercado,PHI,Michael Mercado,Michael Mercado,3,351,FALSE,1512.904603,96.20602419,76.35360943,56.13557517,41.10319982
686676,1512.109674,14,686676,Korey Lee,CHW,Korey Lee,Korey Lee,3,73,FALSE,1512.109674,96.15547449,75.55868126,55.5511398,40.56721624
676701,1511.99789,3,676701,Alan Trejo,COL,Alan Trejo,Alan Trejo,1,0,FALSE,1511.99789,96.14836607,75.44689665,55.46895517,40.491845
608665,1511.929732,83,608665,Kendall Graveman,ARI,Kendall Graveman,Kendall Graveman,17.2,168,FALSE,1511.929732,96.14403192,75.37873914,55.41884541,40.44588952
671305,1511.863082,28,671305,Michel Otanez,ATH,Michel Otaez,Michel Otaez,5.1,321,FALSE,1511.863082,96.13979363,75.31208919,55.36984401,40.40095052
641482,1511.628636,157,641482,Nestor Cortes Jr.,SD,Nestor Cortes,Nestor Cortes,34.1,154,FALSE,1511.628636,96.12488511,75.07764266,55.19747769,40.24287398
687134,1511.298395,275,687134,Bradley Blalock,COL,Bradley Blalock,Bradley Blalock,58.2,196,FALSE,1511.298395,96.10388497,74.74740139,54.95468257,40.02020745
643338,1510.547111,192,643338,Chad Green,TOR,Chad Green,Chad Green,43.2,137,FALSE,1510.547111,96.05611066,73.9961181,54.40233515,39.51365161
624431,1509.694251,12,624431,Jose Trevino,CIN,Jose Trevino,Jose Trevino,2.1,87,FALSE,1509.694251,96.00187707,73.14325825,53.7753081,38.93860734
670183,1509.665033,5,670183,Garrett Acton,TB,Garrett Acton,Garrett Acton,1,0,FALSE,1509.665033,96.00001905,73.11403966,53.75382644,38.9189066
669145,1509.268931,28,669145,Bruce Zimmermann,MIL,Bruce Zimmermann,Bruce Zimmermann,6,180,FALSE,1509.268931,95.97483084,72.71793808,53.46261047,38.65183347
656257,1508.934921,18,656257,Jeff Brigham,ARI,Jeff Brigham,Jeff Brigham,3.1,191,FALSE,1508.934921,95.95359103,72.38392771,53.2170443,38.42662561
663546,1508.601222,73,663546,Sean Hjelle,SF,Sean Hjelle,Sean Hjelle,15,190,FALSE,1508.601222,95.93237104,72.0502291,52.97170733,38.20162796
694359,1508.136845,9,694359,Niko Kavadas,LAA,Niko Kavadas,Niko Kavadas,1.2,0,FALSE,1508.136845,95.90284114,71.58585146,52.63029444,37.88851942
676974,1508.132563,285,676974,Max Meyer,MIA,Max Meyer,Max Meyer,64.2,111,FALSE,1508.132563,95.90256889,71.58157029,52.6271469,37.88563283
571912,1508.015125,4,571912,Luke Maile,,Luke Maile,Luke Maile,1,0,FALSE,1508.015125,95.89510097,71.46413212,52.54080574,37.80644966
656716,1507.729349,1,656716,Zach McKinstry,DET,Zach McKinstry,Zach McKinstry,0.1,0,FALSE,1507.729349,95.87692835,71.17835547,52.33070125,37.61376358
680735,1506.475943,102,680735,Austin Cox,KC,Austin Cox,Austin Cox,21.1,210,FALSE,1506.475943,95.79722397,69.9249503,51.40919117,36.76864999
595978,1506.450542,16,595978,Austin Hedges,CLE,Austin Hedges,Austin Hedges,3,148,FALSE,1506.450542,95.79560866,69.89954853,51.39051566,36.75152274
676272,1506.364535,28,676272,Bobby Miller,LAD,Bobby Miller,Bobby Miller,5,301,FALSE,1506.364535,95.79013949,69.81354207,51.32728326,36.69353253
534910,1506.280924,25,534910,Jesse Hahn,SEA,Jesse Hahn,Jesse Hahn,5,141,FALSE,1506.280924,95.78482262,69.72993071,51.26581175,36.63715723
663474,1506.20388,30,663474,Triston McKenzie,CLE,Triston McKenzie,Triston McKenzie,5.2,275,FALSE,1506.20388,95.77992336,69.65288654,51.20916847,36.58520988
670032,1506.048183,2,670032,Nicky Lopez,CHC,Nicky Lopez,Nicky Lopez,0.1,0,FALSE,1506.048183,95.77002254,69.49718948,51.09469917,36.4802305
542932,1505.541873,19,542932,Jon Berti,CHC,Jon Berti,Jon Berti,3.2,178,FALSE,1505.541873,95.73782618,68.99088003,50.7224578,36.13884927
571948,1504.886764,293,571948,Hoby Milner,TEX,Hoby Milner,Hoby Milner,70.1,95,FALSE,1504.886764,95.69616762,68.33577109,50.24081826,35.69713938
675540,1504.326889,16,675540,Xzavion Curry,MIA,Xzavion Curry,Xzavion Curry,3,141,FALSE,1504.326889,95.66056497,67.77589538,49.82919469,35.31964088
663855,1504.085119,314,663855,Jordan Hicks,BOS,Jordan Hicks,Jordan Hicks,67.1,167,FALSE,1504.085119,95.64519077,67.53412569,49.65144435,35.15662667
671162,1503.712592,31,671162,Connor Thomas,MIL,Connor Thomas,Connor Thomas,5.1,485,FALSE,1503.712592,95.62150167,67.16159864,49.3775605,34.90544878
547001,1503.207424,16,547001,Cody Poteet,BAL,Cody Poteet,Cody Poteet,2.2,418,FALSE,1503.207424,95.58937789,66.65643055,49.00615827,34.56483712
676604,1503.041988,59,676604,Tyler Zuber,NYM,Tyler Zuber,Tyler Zuber,12,265,FALSE,1503.041988,95.57885779,66.49099484,48.88452906,34.45329142
670156,1502.53773,6,670156,Miles Mastrobuoni,SEA,Miles Mastrobuoni,Miles Mastrobuoni,1,0,FALSE,1502.53773,95.54679191,65.98673724,48.51379622,34.11329365
596103,1502.141169,3,596103,Austin Slater,NYY,Austin Slater,Austin Slater,0.2,0,FALSE,1502.141169,95.52157446,65.59017592,48.22224225,33.84591056
642180,1501.562001,6,642180,Tyler Wade,SD,Tyler Wade,Tyler Wade,1,222,FALSE,1501.562001,95.484745,65.01100775,47.79643477,33.45540404
445926,1501.156666,43,445926,Jesse Chavez,TEX,Jesse Chavez,Jesse Chavez,8,213,FALSE,1501.156666,95.45896962,64.60567252,47.49843017,33.18210509
608334,1500.572471,123,608334,Carson Fullmer,PIT,Carson Fulmer,Carson Fulmer,29.1,141,FALSE,1500.572471,95.42182055,64.02147833,47.06892753,32.78820976
676475,1500.44187,4,676475,Alec Burleson,STL,Alec Burleson,Alec Burleson,1,0,FALSE,1500.44187,95.41351559,63.89087726,46.97290894,32.70015145
656557,1500.193391,203,656557,Tanner Houck,BOS,Tanner Houck,Tanner Houck,43.2,188,FALSE,1500.193391,95.39771473,63.64239806,46.79022573,32.53261333
694363,1500.145781,82,694363,Jared Shuster,CHW,Jared Shuster,Jared Shuster,15.2,196,FALSE,1500.145781,95.39468716,63.59478757,46.75522225,32.50051177
645444,1499.887412,10,645444,Jose Herrera,ARI,Jose Herrera,Jose Herrera,2,106,FALSE,1499.887412,95.37825745,63.33641933,46.56526855,32.32630591
669212,1499.221711,35,669212,Eli Morgan,CHC,Eli Morgan,Eli Morgan,7.1,297,FALSE,1499.221711,95.33592529,62.67071747,46.07584105,31.8774537
690829,1499.137326,21,690829,Ben Joyce,LAA,Ben Joyce,Ben Joyce,4.1,150,FALSE,1499.137326,95.33055926,62.58633312,46.01380123,31.82055721
686753,1498.960207,13,686753,Drey Jameson,ARI,Drey Jameson,Drey Jameson,3,71,FALSE,1498.960207,95.31929623,62.40921433,45.88358257,31.70113414
571760,1498.830985,537,571760,Andrew Heaney,PIT,Andrew Heaney,Andrew Heaney,122.1,129,FALSE,1498.830985,95.31107893,62.27999172,45.78857742,31.61400526
663362,1498.001855,25,663362,Matt Waldron,SD,Matt Waldron,Matt Waldron,4.2,190,FALSE,1498.001855,95.25835433,61.45086179,45.17899674,31.054961
682515,1497.555824,5,682515,Logan Porter,SF,Logan Porter,Logan Porter,1,219,FALSE,1497.555824,95.22999107,61.00483053,44.85107221,30.75422259
615698,1496.138441,515,615698,Cal Quantrill,COL,Cal Quantrill,Cal Quantrill,117.2,142,FALSE,1496.138441,95.1398593,59.58744769,43.8090049,29.79854639
694646,1496.134475,51,694646,Chayce McDermott,,Chayce McDermott,Chayce McDermott,8.2,386,FALSE,1496.134475,95.1396071,59.58348167,43.80608906,29.79587228
448179,1495.839131,43,448179,Rich Hill,BOS,Rich Hill,Rich Hill,9,118,FALSE,1495.839131,95.12082609,59.2881375,43.58895047,29.59673527
605513,1495.723892,33,605513,Spencer Turnbull,PHI,Spencer Turnbull,Spencer Turnbull,6.1,174,FALSE,1495.723892,95.11349804,59.1728991,43.50422659,29.51903529
641343,1495.682314,29,641343,Jake Bauers,MIL,Jake Bauers,Jake Bauers,5,86,FALSE,1495.682314,95.11085406,59.13132058,43.47365785,29.49100081
681987,1495.547833,4,681987,Nate Eaton,BOS,Nate Eaton,Nate Eaton,1,0,FALSE,1495.547833,95.10230238,58.99683966,43.37478676,29.4003265
573262,1494.333643,7,573262,Mike Yastrzemski,ATL,Mike Yastrzemski,Mike Yastrzemski,1,438,FALSE,1494.333643,95.0250917,57.78264969,42.48210791,28.58165392
695534,1494.15594,40,695534,Chase Petty,CIN,Chase Petty,Chase Petty,6,442,FALSE,1494.15594,95.01379153,57.6049469,42.35145989,28.46183709
476594,1493.903949,15,476594,Robert Stock,BOS,Robert Stock,Robert Stock,2.2,237,FALSE,1493.903949,94.99776736,57.35295606,42.1661949,28.29193123
657240,1493.764683,88,657240,Julian Merryweather,CHC,Julian Merryweather,Julian Merryweather,18.2,140,FALSE,1493.764683,94.98891136,57.21368946,42.06380536,28.19803015
593833,1493.020648,32,593833,Wander Suero,ATL,Wander Suero,Wander Suero,6.1,269,FALSE,1493.020648,94.94159798,56.46965461,41.51678702,27.69636159
678368,1491.606096,349,678368,Valente Bellozo,MIA,Valente Bellozo,Valente Bellozo,81.1,109,FALSE,1491.606096,94.85164623,55.05510281,40.47680111,26.74259423
800311,1491.164749,70,800311,Didier Fuentes,ATL,Didier Fuentes,Didier Fuentes,13,327,FALSE,1491.164749,94.82358088,54.61375625,40.15232079,26.4450145
681146,1491.094857,37,681146,Jonah Bride,MIN,Jonah Bride,Jonah Bride,6,363,FALSE,1491.094857,94.81913641,54.54386389,40.10093556,26.39788929
681962,1490.903358,15,681962,Vinny Capra,MIL,Vinny Capra,Vinny Capra,3,146,FALSE,1490.903358,94.8069589,54.35236443,39.96014415,26.26876999
676724,1490.224088,3,676724,Jared Young,NYM,Jared Young,Jared Young,0.1,0,FALSE,1490.224088,94.76376398,53.67309515,39.4607418,25.81076989
571466,1490.17644,11,571466,Tucker Barnhart,TEX,Tucker Barnhart,Tucker Barnhart,2,334,FALSE,1490.17644,94.76073403,53.62544715,39.42571074,25.77864303
666215,1489.436201,66,666215,Forrest Whitley,TB,Forrest Whitley,Forrest Whitley,12,329,FALSE,1489.436201,94.71366199,52.88520753,38.88148268,25.27953342
657024,1489.429293,30,657024,Erik Swanson,TOR,Erik Swanson,Erik Swanson,5.1,373,FALSE,1489.429293,94.71322272,52.87829971,38.87640402,25.2748758
624512,1488.503416,6,624512,Reese McGuire,CHC,Reese McGuire,Reese McGuire,1,218,FALSE,1488.503416,94.65434597,51.95242313,38.19569469,24.65059971
669391,1487.97171,35,669391,Owen White,NYY,Owen White,Owen White,7,219,FALSE,1487.97171,94.62053459,51.42071637,37.80478108,24.29209424
642133,1487.721005,11,642133,Rowdy Tellez,TEX,Rowdy Tellez,Rowdy Tellez,2,334,FALSE,1487.721005,94.60459219,51.17001143,37.62046149,24.12305541
608671,1487.453408,6,608671,Travis Jankowski,TB,Travis Jankowski,Travis Jankowski,1,442,FALSE,1487.453408,94.58757567,50.90241518,37.42372332,23.94262754
664123,1485.835058,51,664123,Scott Effross,NYY,Scott Effross,Scott Effross,10.2,208,FALSE,1485.835058,94.48466433,49.28406495,36.23390372,22.85144825
656577,1485.438071,8,656577,Alex Jackson,BAL,Alex Jackson,Alex Jackson,1,669,FALSE,1485.438071,94.45941979,48.88707757,35.94203651,22.58377788
500743,1484.922355,28,500743,Miguel Rojas,LAD,Miguel Rojas,Miguel Rojas,5,301,FALSE,1484.922355,94.42662527,48.37136149,35.56287934,22.23605419
802419,1484.071514,50,802419,Thomas Harrington,PIT,Thomas Harrington,Thomas Harrington,8.2,363,FALSE,1484.071514,94.37252005,47.52052046,34.93733654,21.66237113
607179,1483.972896,23,607179,Jordan Weems,ATL,Jordan Weems,Jordan Weems,4.1,357,FALSE,1483.972896,94.36624894,47.42190299,34.86483245,21.59587789
647351,1483.520823,8,647351,Abraham Toro,BOS,Abraham Toro,Abraham Toro,1,422,FALSE,1483.520823,94.33750146,46.96982948,34.53246563,21.29106547
642708,1481.218183,10,642708,Amed Rosario,NYY,Amed Rosario,Amed Rosario,1,856,FALSE,1481.218183,94.19107598,44.66719007,32.83955303,19.73850139
622569,1480.52058,8,622569,Pablo Reyes,NYY,Pablo Reyes,Pablo Reyes,1,667,FALSE,1480.52058,94.1467152,43.96958696,32.32667155,19.26813963
660844,1480.087345,6,660844,Leo Rivas,SEA,Leo Rivas,Leo Rivas,1,0,FALSE,1480.087345,94.11916568,43.53635225,32.00815512,18.97602935
656420,1479.962627,23,656420,J.P. Feyereisen,LAD,J.P. Feyereisen,J.P. Feyereisen,4,267,FALSE,1479.962627,94.1112348,43.41163383,31.91646148,18.89193744
571657,1478.816855,5,571657,Kyle Farmer,COL,Kyle Farmer,Kyle Farmer,1,188,FALSE,1478.816855,94.03837487,42.26586218,31.07408414,18.1193962
665019,1475.727694,6,665019,Kody Clemens,MIN,Kody Clemens,Kody Clemens,1,436,FALSE,1475.727694,93.84193427,39.17670134,28.80291684,16.03651681
622761,1472.362257,11,622761,Jorge Mateo,BAL,Jorge Mateo,Jorge Mateo,1,1115,FALSE,1472.362257,93.62792519,35.81126428,26.32862982,13.76735705
669707,1472.277534,8,669707,Jared Triolo,PIT,Jared Triolo,Jared Triolo,1,0,FALSE,1472.277534,93.6225376,35.72654078,26.26634065,13.71023188
666619,1469.029303,36,666619,Gregory Santos,SEA,Gregory Santos,Gregory Santos,7,134,FALSE,1469.029303,93.4159817,32.47830987,23.87822421,11.52009884
686799,1468.644373,515,686799,Jack Kochanowicz,LAA,Jack Kochanowicz,Jack Kochanowicz,111,164,FALSE,1468.644373,93.39150387,32.09337958,23.59522144,11.26055802
573009,1468.365917,58,573009,Joe Mantiply,ARI,Joe Mantiply,Joe Mantiply,9.2,372,FALSE,1468.365917,93.37379679,31.81492384,23.39049931,11.07280809
691594,1467.560749,54,691594,Javier Sanoja,MIA,Javier Sanoja,Javier Sanoja,9.1,384,FALSE,1467.560749,93.32259594,31.00975587,22.79853559,10.52992028
502043,1463.66522,73,502043,Kyle Gibson,TB,Kyle Gibson,Kyle Gibson,12.1,416,FALSE,1463.66522,93.07487817,27.11422696,19.93452225,7.903343905
669450,1463.473948,9,669450,Cooper Hummel,HOU,Cooper Hummel,Cooper Hummel,1,884,FALSE,1463.473948,93.06271513,26.92295487,19.793898,7.774377909
543592,1459.914445,11,543592,Austin Nola,COL,Austin Nola,Austin Nola,1,1504,FALSE,1459.914445,92.83636533,23.36345172,17.17693256,5.374368288
641312,1455.072545,56,641312,Shaun Anderson,MIA,Shaun Anderson,Shaun Anderson,11.1,249,FALSE,1455.072545,92.52846756,18.5215517,13.61714221,2.109697312
664068,1450.462736,18,664068,Scott Kingery,CHC,Scott Kingery,Scott Kingery,2,869,FALSE,1450.462736,92.23532855,13.91174311,10.22798669,-0.998485071
672724,1443.730201,16,672724,Oswald Peraza,LAA,Oswald Peraza,Oswald Peraza,2.1,745,FALSE,1443.730201,91.80720475,7.179207535,5.278191133,-5.537924839
656896,1441.183021,13,656896,Emmanuel Rivera,BAL,Emmanuel Rivera,Emmanuel Rivera,1,1783,FALSE,1441.183021,91.6452289,4.632028156,3.405491459,-7.255371
620443,1440.117403,8,620443,Luis Torrens,NYM,Luis Torrens,Luis Torrens,0.2,1327,FALSE,1440.117403,91.57746592,3.566409635,2.622043118,-7.973868666
623168,1436.550993,27,623168,Tyler Heineman,TOR,Tyler Heineman,Tyler Heineman,3.1,796,FALSE,1436.550993,91.35067694,0,0,-10.37853501
